Timestamp,Accel_X,Accel_Y,Accel_Z,Gryo_X,Gryo_Y,Gryo_Z,Linear_Accel_X,Linear_Accel_Y,Linear_Accel_Z,Current_mA,Voltage_V,Power_mW
2024-08-18 12:07:51.784,2.0703125,1.6484375,7.66015625,0.0,0.0,0.0,0.0,0.0,0.0,725.0,15.682500000000001,11370
2024-08-18 12:07:51.799,2.0703125,1.6484375,7.66015625,0.0,0.0,0.0,0.0,0.0,0.0,671.25,15.69,10530
2024-08-18 12:07:51.815,0.8828125,-1.609375,11.41796875,0.203125,-0.009765625,0.158203125,0.0,0.0,0.0,758.75,15.68,11890
2024-08-18 12:07:51.830,1.07421875,-0.99609375,11.83984375,0.203125,-0.009765625,0.158203125,-1.0546875,-3.1796875,3.65625,596.25,15.71,9370
2024-08-18 12:07:51.850,1.07421875,-0.99609375,11.83984375,0.203125,-0.009765625,0.158203125,-1.0546875,-3.1796875,3.65625,522.5,15.72,8220
2024-08-18 12:07:51.865,-0.61328125,0.95703125,5.70703125,0.09765625,-0.546875,0.20703125,-2.55078125,-0.44140625,-2.35546875,676.25,15.6925,10610
2024-08-18 12:07:51.884,-0.61328125,0.95703125,5.70703125,0.09765625,-0.546875,0.20703125,-2.55078125,-0.44140625,-2.35546875,748.75,15.675,11740
2024-08-18 12:07:51.898,3.5234375,2.87109375,9.2265625,0.09765625,-0.546875,0.20703125,-2.55078125,-0.44140625,-2.35546875,690.0,15.6925,10830
2024-08-18 12:07:51.916,3.5234375,2.87109375,9.2265625,-0.06640625,0.5859375,-0.046875,-2.55078125,-0.44140625,-2.35546875,703.75,15.685,11030
2024-08-18 12:07:51.931,0.53515625,0.65234375,9.921875,-0.06640625,0.5859375,-0.046875,1.8359375,1.76953125,0.98828125,713.75,15.686250000000001,11200
2024-08-18 12:07:51.949,0.53515625,0.65234375,9.921875,-0.06640625,0.5859375,-0.046875,1.8359375,1.76953125,0.98828125,573.75,15.7075,9010
2024-08-18 12:07:51.964,-0.57421875,-0.15234375,11.22265625,0.1015625,-0.380859375,0.419921875,1.8359375,1.76953125,0.98828125,532.5,15.71875,8370
2024-08-18 12:07:51.982,0.84375,-0.11328125,6.08984375,0.1015625,-0.380859375,0.419921875,-2.18359375,-1.21484375,2.76171875,605.0,15.70875,9500
2024-08-18 12:07:52.000,0.84375,-0.11328125,6.08984375,0.1015625,-0.380859375,0.419921875,-2.18359375,-1.21484375,2.76171875,766.25,15.67375,12010
2024-08-18 12:07:52.014,0.84375,-0.11328125,6.08984375,0.078125,0.736328125,0.083984375,-2.18359375,-1.21484375,2.76171875,610.0,15.703750000000001,9570
2024-08-18 12:07:52.029,2.22265625,0.15234375,13.21484375,0.078125,0.736328125,0.083984375,-0.6015625,-1.04296875,-2.49609375,741.25,15.675,11620
2024-08-18 12:07:52.048,2.22265625,0.15234375,13.21484375,0.078125,0.736328125,0.083984375,-0.6015625,-1.04296875,-2.49609375,797.5,15.67125,12490
2024-08-18 12:07:52.064,0.65234375,1.1875,9.69140625,-0.017578125,-0.05859375,0.146484375,-0.6015625,-1.04296875,-2.49609375,542.5,15.7125,8520
2024-08-18 12:07:52.080,0.23046875,-1.07421875,9.8046875,-0.017578125,-0.05859375,0.146484375,-0.76953125,0.3984375,0.89453125,545.0,15.715,8560
2024-08-18 12:07:52.099,0.23046875,-1.07421875,9.8046875,-0.017578125,-0.05859375,0.146484375,-0.76953125,0.3984375,0.89453125,712.5,15.68125,11170
2024-08-18 12:07:52.113,3.640625,2.6796875,6.24609375,-0.568359375,0.05859375,0.01171875,2.296875,1.9609375,-2.765625,705.0,15.68,11060
2024-08-18 12:07:52.135,3.640625,2.6796875,6.24609375,-0.568359375,0.05859375,0.01171875,2.296875,1.9609375,-2.765625,661.25,15.695,10380
2024-08-18 12:07:52.148,-0.3046875,0.61328125,9.5,-0.568359375,0.05859375,0.01171875,2.296875,1.9609375,-2.765625,603.75,15.7025,9490
2024-08-18 12:07:52.166,-0.3046875,0.61328125,9.5,0.087890625,-0.693359375,0.001953125,2.296875,1.9609375,-2.765625,711.25,15.6875,11160
2024-08-18 12:07:52.181,1.5703125,-0.8046875,12.296875,0.087890625,-0.693359375,0.001953125,-0.6484375,1.66796875,-0.3046875,651.25,15.69875,10230
2024-08-18 12:07:52.199,1.5703125,-0.8046875,12.296875,0.087890625,-0.693359375,0.001953125,-0.6484375,1.66796875,-0.3046875,656.25,15.69375,10300
2024-08-18 12:07:52.214,2.60546875,0.53515625,7.47265625,0.0,0.427734375,0.234375,2.36328125,1.54296875,-2.34375,693.75,15.686250000000001,10880
2024-08-18 12:07:52.236,1.68359375,2.10546875,9.34375,0.0,0.427734375,0.234375,2.36328125,1.54296875,-2.34375,568.75,15.7125,8930
2024-08-18 12:07:52.250,1.68359375,2.10546875,9.34375,0.0,0.427734375,0.234375,2.36328125,1.54296875,-2.34375,633.75,15.69375,9950
2024-08-18 12:07:52.265,1.68359375,2.10546875,9.34375,-0.6796875,0.453125,0.166015625,2.36328125,1.54296875,-2.34375,602.5,15.71,9460
2024-08-18 12:07:52.281,-0.23046875,-0.95703125,9.4609375,-0.6796875,0.453125,0.166015625,-0.17578125,0.28515625,-0.3203125,528.75,15.72125,8310
2024-08-18 12:07:52.298,-0.23046875,-0.95703125,9.4609375,-0.6796875,0.453125,0.166015625,-0.17578125,0.28515625,-0.3203125,616.25,15.70125,9680
2024-08-18 12:07:52.315,1.37890625,-1.76171875,11.875,-0.04296875,0.16796875,0.30859375,-0.17578125,0.28515625,-0.3203125,666.25,15.69375,10460
2024-08-18 12:07:52.330,-0.69140625,0.91796875,10.34375,-0.04296875,0.16796875,0.30859375,1.44921875,-0.58203125,2.0859375,608.75,15.703750000000001,9560
2024-08-18 12:07:52.349,-0.69140625,0.91796875,10.34375,-0.04296875,0.16796875,0.30859375,1.44921875,-0.58203125,2.0859375,553.75,15.7075,8700
2024-08-18 12:07:52.363,-0.4609375,-0.15234375,4.1328125,-0.2421875,-0.33203125,0.056640625,1.44921875,-0.58203125,2.0859375,588.75,15.7125,9250
2024-08-18 12:07:52.381,-0.4609375,-0.15234375,4.1328125,-0.2421875,-0.33203125,0.056640625,-0.40625,1.12890625,-5.64453125,736.25,15.67875,11550
2024-08-18 12:07:52.398,1.9921875,0.95703125,13.90625,-0.2421875,-0.33203125,0.056640625,-0.40625,1.12890625,-5.64453125,707.5,15.686250000000001,11100
2024-08-18 12:07:52.416,1.9921875,0.95703125,13.90625,-0.232421875,0.2734375,0.205078125,-0.40625,1.12890625,-5.64453125,661.25,15.695,10380
2024-08-18 12:07:52.430,1.41796875,0.15234375,7.12890625,-0.232421875,0.2734375,0.205078125,1.9921875,2.23828125,4.1328125,648.75,15.695,10180
2024-08-18 12:07:52.449,1.41796875,0.15234375,7.12890625,-0.232421875,0.2734375,0.205078125,1.9921875,2.23828125,4.1328125,776.25,15.668750000000001,12160
2024-08-18 12:07:52.463,2.56640625,-0.8046875,9.19921875,0.20703125,0.537109375,0.162109375,1.9921875,2.23828125,4.1328125,748.75,15.675,11740
2024-08-18 12:07:52.481,2.56640625,-0.8046875,9.19921875,0.20703125,0.537109375,0.162109375,2.62890625,0.3984375,-0.5859375,658.75,15.6925,10340
2024-08-18 12:07:52.497,-0.421875,1.41796875,11.76171875,0.20703125,0.537109375,0.162109375,2.62890625,0.3984375,-0.5859375,628.75,15.70125,9720
2024-08-18 12:07:52.514,-0.421875,1.41796875,11.76171875,0.123046875,-0.609375,0.052734375,2.62890625,0.3984375,-0.5859375,657.5,15.685,10320
2024-08-18 12:07:52.529,2.22265625,-1.1484375,7.0078125,0.123046875,-0.609375,0.052734375,-0.5234375,2.67578125,1.98828125,793.75,15.66375,12430
2024-08-18 12:07:52.548,2.22265625,-1.1484375,7.0078125,0.123046875,-0.609375,0.052734375,-0.5234375,2.67578125,1.98828125,692.5,15.6875,10850
2024-08-18 12:07:52.564,2.14453125,1.953125,10.34765625,0.0078125,0.482421875,0.130859375,-0.5234375,2.67578125,1.98828125,681.25,15.68875,10690
2024-08-18 12:07:52.579,-1.76171875,-1.1875,9.84765625,0.0078125,0.482421875,0.130859375,2.36328125,3.171875,0.5703125,551.25,15.715,8670
2024-08-18 12:07:52.598,-1.76171875,-1.1875,9.84765625,0.0078125,0.482421875,0.130859375,2.36328125,3.171875,0.5703125,652.5,15.69125,10240
2024-08-18 12:07:52.612,2.52734375,0.765625,8.6953125,-0.099609375,0.21484375,-0.1953125,2.36328125,3.171875,0.5703125,741.25,15.67375,11620
2024-08-18 12:07:52.630,2.52734375,0.765625,8.6953125,-0.099609375,0.21484375,-0.1953125,2.66015625,2.0,-1.0625,721.25,15.68375,11320
2024-08-18 12:07:52.648,0.95703125,-1.1875,10.03125,-0.099609375,0.21484375,-0.1953125,2.66015625,2.0,-1.0625,535.0,15.71875,8410
2024-08-18 12:07:52.665,0.95703125,-1.1875,10.03125,0.62890625,-0.3125,0.107421875,2.66015625,2.0,-1.0625,596.25,15.7025,9360
2024-08-18 12:07:52.680,0.49609375,1.265625,6.703125,0.62890625,-0.3125,0.107421875,1.12109375,-0.1171875,0.26171875,723.75,15.682500000000001,11350
2024-08-18 12:07:52.699,0.49609375,1.265625,6.703125,0.62890625,-0.3125,0.107421875,1.12109375,-0.1171875,0.26171875,588.75,15.71,9250
2024-08-18 12:07:52.713,0.3046875,1.07421875,14.671875,0.287109375,0.130859375,-0.1953125,1.12109375,-0.1171875,0.26171875,508.75,15.7225,8000
2024-08-18 12:07:52.731,0.3046875,1.07421875,14.671875,0.287109375,0.130859375,-0.1953125,0.5078125,2.13671875,4.8984375,576.25,15.70875,9050
2024-08-18 12:07:52.747,-0.61328125,-0.15234375,1.41796875,0.287109375,0.130859375,-0.1953125,0.5078125,2.13671875,4.8984375,558.75,15.713750000000001,8780
2024-08-18 12:07:52.763,-0.61328125,-0.15234375,1.41796875,-0.65625,-0.94921875,-0.0546875,0.5078125,2.13671875,4.8984375,517.5,15.725,8130
2024-08-18 12:07:52.779,0.99609375,-1.76171875,13.63671875,-0.65625,-0.94921875,-0.0546875,0.94140625,-0.62890625,3.87890625,648.75,15.695,10180
2024-08-18 12:07:52.798,0.99609375,-1.76171875,13.63671875,-0.65625,-0.94921875,-0.0546875,0.94140625,-0.62890625,3.87890625,635.0,15.70125,9970
2024-08-18 12:07:52.814,3.140625,1.68359375,10.41796875,-0.287109375,0.244140625,0.046875,0.94140625,-0.62890625,3.87890625,615.0,15.70125,9650
2024-08-18 12:07:52.829,-0.99609375,0.15234375,9.921875,-0.287109375,0.244140625,0.046875,3.1484375,2.87109375,0.67578125,882.5,15.645,13810
2024-08-18 12:07:52.851,-0.99609375,0.15234375,9.921875,-0.287109375,0.244140625,0.046875,3.1484375,2.87109375,0.67578125,627.5,15.69875,9860
2024-08-18 12:07:52.865,0.95703125,0.53515625,8.77734375,-0.18359375,0.021484375,0.37890625,0.91015625,1.68359375,-0.9609375,776.25,15.66625,12160
2024-08-18 12:07:52.884,0.95703125,0.53515625,8.77734375,-0.18359375,0.021484375,0.37890625,0.91015625,1.68359375,-0.9609375,746.25,15.668750000000001,11700
2024-08-18 12:07:52.898,0.15234375,0.61328125,6.85546875,-0.18359375,0.021484375,0.37890625,0.91015625,1.68359375,-0.9609375,726.25,15.67875,11390
2024-08-18 12:07:52.916,0.15234375,0.61328125,6.85546875,-0.294921875,0.11328125,0.408203125,0.91015625,1.68359375,-0.9609375,680.0,15.68875,10680
2024-08-18 12:07:52.930,0.7265625,1.4921875,14.17578125,-0.294921875,0.11328125,0.408203125,0.23046875,1.73046875,-2.87890625,611.25,15.700000000000001,9600
2024-08-18 12:07:52.949,0.7265625,1.4921875,14.17578125,-0.294921875,0.11328125,0.408203125,0.23046875,1.73046875,-2.87890625,721.25,15.6875,11320
2024-08-18 12:07:52.964,1.53125,-1.68359375,7.16796875,0.05859375,0.84375,0.17578125,0.23046875,1.73046875,-2.87890625,673.75,15.69,10570
2024-08-18 12:07:52.981,1.53125,-1.68359375,7.16796875,0.05859375,0.84375,0.17578125,1.8828125,-0.51953125,-2.5546875,602.5,15.705,9460
2024-08-18 12:07:52.999,0.65234375,0.8828125,7.65625,0.05859375,0.84375,0.17578125,1.8828125,-0.51953125,-2.5546875,610.0,15.703750000000001,9570
2024-08-18 12:07:53.013,0.65234375,0.8828125,7.65625,-0.029296875,0.873046875,-0.19921875,1.8828125,-0.51953125,-2.5546875,593.75,15.705,9330
2024-08-18 12:07:53.028,1.1875,0.0,4.7109375,-0.029296875,0.873046875,-0.19921875,1.28515625,2.2265625,-2.01171875,732.5,15.668750000000001,11480
2024-08-18 12:07:53.048,-3.140625,-1.109375,21.22265625,-0.029296875,0.873046875,-0.19921875,1.28515625,2.2265625,-2.01171875,507.5,15.72375,7970
2024-08-18 12:07:53.066,-3.140625,-1.109375,21.22265625,0.205078125,-0.08984375,-0.32421875,1.28515625,2.2265625,-2.01171875,496.25,15.72375,7810
2024-08-18 12:07:53.080,0.34375,-0.49609375,2.56640625,0.205078125,-0.08984375,-0.32421875,-2.6015625,0.28125,11.56640625,472.5,15.73,7440
2024-08-18 12:07:53.098,0.34375,-0.49609375,2.56640625,0.205078125,-0.08984375,-0.32421875,-2.6015625,0.28125,11.56640625,546.25,15.715,8590
2024-08-18 12:07:53.113,0.8046875,-2.8359375,3.984375,0.58203125,-0.2421875,-0.373046875,-2.6015625,0.28125,11.56640625,571.25,15.7125,8970
2024-08-18 12:07:53.130,0.8046875,-2.8359375,3.984375,0.58203125,-0.2421875,-0.373046875,1.1484375,-1.5390625,-5.6875,642.5,15.6925,10090
2024-08-18 12:07:53.147,1.80078125,-0.19140625,19.57421875,0.58203125,-0.2421875,-0.373046875,1.1484375,-1.5390625,-5.6875,538.75,15.715,8460
2024-08-18 12:07:53.164,1.80078125,-0.19140625,19.57421875,0.4765625,-0.599609375,-0.330078125,1.1484375,-1.5390625,-5.6875,495.0,15.725,7780
2024-08-18 12:07:53.179,0.421875,0.15234375,6.78125,0.4765625,-0.599609375,-0.330078125,1.84765625,1.12890625,9.91015625,622.5,15.700000000000001,9780
2024-08-18 12:07:53.198,0.421875,0.15234375,6.78125,0.4765625,-0.599609375,-0.330078125,1.84765625,1.12890625,9.91015625,515.0,15.717500000000001,8100
2024-08-18 12:07:53.212,-0.078125,-0.69140625,13.9765625,0.41796875,-0.47265625,-0.296875,-0.2578125,0.61328125,4.32421875,481.25,15.72625,7560
2024-08-18 12:07:53.232,-0.078125,-0.69140625,13.9765625,0.41796875,-0.47265625,-0.296875,-0.2578125,0.61328125,4.32421875,615.0,15.70125,9650
2024-08-18 12:07:53.246,1.265625,0.91796875,3.75390625,0.41796875,-0.47265625,-0.296875,-0.2578125,0.61328125,4.32421875,465.0,15.7325,7320
2024-08-18 12:07:53.261,1.265625,0.91796875,3.75390625,0.21484375,-1.349609375,-0.25390625,-0.2578125,0.61328125,4.32421875,571.25,15.70625,8970
2024-08-18 12:07:53.277,0.8046875,0.34375,14.67578125,0.21484375,-1.349609375,-0.25390625,0.703125,2.22265625,-5.87890625,701.25,15.685,11000
2024-08-18 12:07:53.292,0.8046875,0.34375,14.67578125,0.21484375,-1.349609375,-0.25390625,0.703125,2.22265625,-5.87890625,532.5,15.71875,8370
2024-08-18 12:07:53.307,2.26171875,-2.52734375,6.89453125,0.419921875,0.287109375,-0.458984375,0.703125,2.22265625,-5.87890625,576.25,15.703750000000001,9050
2024-08-18 12:07:53.326,2.26171875,-2.52734375,6.89453125,0.419921875,0.287109375,-0.458984375,1.81640625,-1.24609375,-2.74609375,601.25,15.7025,9450
2024-08-18 12:07:53.340,1.07421875,-1.1484375,5.25,0.419921875,0.287109375,-0.458984375,1.81640625,-1.24609375,-2.74609375,761.25,15.68,11940
2024-08-18 12:07:53.357,1.07421875,-1.1484375,5.25,0.83203125,-0.625,-0.05078125,1.81640625,-1.24609375,-2.74609375,553.75,15.71,8700
2024-08-18 12:07:53.372,-0.65234375,-2.3359375,17.31640625,0.83203125,-0.625,-0.05078125,-1.16015625,-1.25,7.66796875,568.75,15.70625,8930
2024-08-18 12:07:53.389,-0.65234375,-2.3359375,17.31640625,0.83203125,-0.625,-0.05078125,-1.16015625,-1.25,7.66796875,683.75,15.68875,10730
2024-08-18 12:07:53.403,0.69140625,-0.765625,5.28515625,0.83203125,-0.625,-0.05078125,-1.16015625,-1.25,7.66796875,813.75,15.66,12750
2024-08-18 12:07:53.418,4.7109375,1.9140625,10.03515625,0.4296875,0.623046875,-0.1484375,0.08984375,0.1484375,-4.37890625,778.75,15.665000000000001,12210
2024-08-18 12:07:53.438,4.7109375,1.9140625,10.03515625,0.4296875,0.623046875,-0.1484375,0.08984375,0.1484375,-4.37890625,738.75,15.675,11580
2024-08-18 12:07:53.453,4.7109375,1.9140625,10.03515625,0.4296875,0.623046875,-0.1484375,0.08984375,0.1484375,-4.37890625,691.25,15.682500000000001,10840
2024-08-18 12:07:53.465,0.34375,-0.19140625,10.87890625,0.34375,0.322265625,-0.353515625,-0.109375,0.75390625,1.22265625,713.75,15.682500000000001,11190
2024-08-18 12:07:53.486,1.53125,0.421875,5.51953125,0.34375,0.322265625,-0.353515625,-0.109375,0.75390625,1.22265625,636.25,15.69375,9980
2024-08-18 12:07:53.502,1.53125,0.421875,5.51953125,0.34375,0.322265625,-0.353515625,-0.109375,0.75390625,1.22265625,625.0,15.696250000000001,9810
2024-08-18 12:07:53.517,0.91796875,1.1484375,9.92578125,0.25,0.10546875,-0.251953125,1.1796875,1.359375,-4.140625,548.75,15.71125,8630
2024-08-18 12:07:53.539,0.91796875,1.1484375,9.92578125,0.25,0.10546875,-0.251953125,1.1796875,1.359375,-4.140625,521.25,15.71875,8190
2024-08-18 12:07:53.554,1.30078125,-1.6484375,12.02734375,0.25,0.10546875,-0.251953125,1.1796875,1.359375,-4.140625,587.5,15.703750000000001,9230
2024-08-18 12:07:53.569,1.30078125,-1.6484375,12.02734375,0.392578125,0.17578125,-0.392578125,0.77734375,-0.671875,2.39453125,686.25,15.68875,10770
2024-08-18 12:07:53.589,-0.15234375,-1.109375,11.796875,0.392578125,0.17578125,-0.392578125,0.77734375,-0.671875,2.39453125,585.0,15.7025,9190
2024-08-18 12:07:53.607,0.078125,0.23046875,7.73828125,0.28515625,-0.08984375,-0.02734375,0.77734375,-0.671875,2.39453125,581.25,15.703750000000001,9130
2024-08-18 12:07:53.627,0.078125,0.23046875,7.73828125,0.28515625,-0.08984375,-0.02734375,-0.5625,1.06640625,-1.89453125,733.75,15.67,11490
2024-08-18 12:07:53.645,1.30078125,-0.26953125,9.3828125,0.28515625,-0.08984375,-0.02734375,-0.5625,1.06640625,-1.89453125,855.0,15.655000000000001,13390
2024-08-18 12:07:53.659,1.30078125,-0.26953125,9.3828125,-0.138671875,-0.349609375,-0.431640625,-0.5625,1.06640625,-1.89453125,627.5,15.69875,9860
2024-08-18 12:07:53.677,0.26953125,0.0,8.04296875,-0.138671875,-0.349609375,-0.431640625,0.49609375,0.60546875,-0.22265625,720.0,15.68,11290
2024-08-18 12:07:53.696,0.26953125,0.0,8.04296875,-0.138671875,-0.349609375,-0.431640625,0.49609375,0.60546875,-0.22265625,828.75,15.66125,12980
2024-08-18 12:07:53.708,3.67578125,1.4921875,5.21484375,-0.875,0.26171875,-0.201171875,0.49609375,0.60546875,-0.22265625,848.75,15.65,13290
2024-08-18 12:07:53.728,3.67578125,1.4921875,5.21484375,-0.875,0.26171875,-0.201171875,2.82421875,2.375,-4.390625,726.25,15.672500000000001,11380
2024-08-18 12:07:53.746,-1.68359375,1.109375,17.16015625,-0.875,0.26171875,-0.201171875,2.82421875,2.375,-4.390625,670.0,15.6875,10510
2024-08-18 12:07:53.760,-1.68359375,1.109375,17.16015625,-0.189453125,-0.166015625,-0.37890625,2.82421875,2.375,-4.390625,648.75,15.696250000000001,10180
2024-08-18 12:07:53.777,3.140625,-2.296875,6.85546875,-0.189453125,-0.166015625,-0.37890625,-2.70703125,2.0859375,7.59765625,627.5,15.696250000000001,9840
2024-08-18 12:07:53.794,3.140625,-2.296875,6.85546875,-0.189453125,-0.166015625,-0.37890625,-2.70703125,2.0859375,7.59765625,752.5,15.67125,11790
2024-08-18 12:07:53.807,2.3359375,-1.1875,9.26953125,0.3984375,0.9765625,0.427734375,-2.70703125,2.0859375,7.59765625,608.75,15.700000000000001,9560
2024-08-18 12:07:53.827,2.3359375,-1.1875,9.26953125,0.3984375,0.9765625,0.427734375,1.6015625,-0.3203125,-0.33203125,710.0,15.682500000000001,11140
2024-08-18 12:07:53.846,0.95703125,0.91796875,7.31640625,0.3984375,0.9765625,0.427734375,1.6015625,-0.3203125,-0.33203125,757.5,15.67625,11870
2024-08-18 12:07:53.859,-1.87890625,-1.68359375,16.28515625,0.28125,0.029296875,0.349609375,1.6015625,-0.3203125,-0.33203125,757.5,15.675,11880
2024-08-18 12:07:53.877,-1.87890625,-1.68359375,16.28515625,0.28125,0.029296875,0.349609375,-2.41796875,-0.85546875,6.671875,656.25,15.696250000000001,10300
2024-08-18 12:07:53.892,0.421875,0.99609375,5.32421875,0.28125,0.029296875,0.349609375,-2.41796875,-0.85546875,6.671875,601.25,15.70125,9450
2024-08-18 12:07:53.908,0.421875,0.99609375,5.32421875,-0.041015625,-0.591796875,0.033203125,-2.41796875,-0.85546875,6.671875,650.0,15.69125,10200
2024-08-18 12:07:53.925,1.1484375,-0.078125,6.46875,-0.041015625,-0.591796875,0.033203125,-0.375,1.79296875,-4.26953125,670.0,15.68375,10510
2024-08-18 12:07:53.941,1.1484375,-0.078125,6.46875,-0.041015625,-0.591796875,0.033203125,-0.375,1.79296875,-4.26953125,787.5,15.655000000000001,12330
2024-08-18 12:07:53.956,4.7890625,2.26171875,13.63671875,-0.568359375,0.5390625,-0.287109375,-0.375,1.79296875,-4.26953125,860.0,15.645,13470
2024-08-18 12:07:53.974,4.7890625,2.26171875,13.63671875,-0.568359375,0.5390625,-0.287109375,3.9140625,3.12890625,4.05078125,638.75,15.69375,10020
2024-08-18 12:07:53.989,-1.68359375,0.3828125,8.42578125,-0.568359375,0.5390625,-0.287109375,3.9140625,3.12890625,4.05078125,513.75,15.71625,8080
2024-08-18 12:07:54.006,-1.68359375,0.3828125,8.42578125,-0.568359375,0.5390625,-0.287109375,3.9140625,3.12890625,4.05078125,687.5,15.68,10780
2024-08-18 12:07:54.021,3.02734375,-3.83203125,8.16015625,0.28515625,-0.841796875,-0.265625,-2.84765625,1.3125,-1.11328125,638.75,15.6925,10020
2024-08-18 12:07:54.039,3.02734375,-3.83203125,8.16015625,0.28515625,-0.841796875,-0.265625,-2.84765625,1.3125,-1.11328125,722.5,15.68,11330
2024-08-18 12:07:54.053,0.7265625,-1.265625,11.0703125,0.28515625,-0.841796875,-0.265625,-2.84765625,1.3125,-1.11328125,657.5,15.685,10320
2024-08-18 12:07:54.068,0.7265625,-1.265625,11.0703125,-0.037109375,-0.80078125,0.0234375,-0.640625,-0.390625,1.5546875,806.25,15.66125,12620
2024-08-18 12:07:54.087,4.4453125,-0.7265625,12.1796875,-0.037109375,-0.80078125,0.0234375,-0.640625,-0.390625,1.5546875,711.25,15.68375,11150
2024-08-18 12:07:54.105,4.4453125,-0.7265625,12.1796875,-0.037109375,-0.80078125,0.0234375,-0.640625,-0.390625,1.5546875,608.75,15.69375,9550
2024-08-18 12:07:54.118,0.95703125,-0.11328125,4.51953125,0.828125,0.8046875,-0.03125,-0.13671875,0.51953125,-5.05078125,781.25,15.6575,12240
2024-08-18 12:07:54.138,0.95703125,-0.11328125,4.51953125,0.828125,0.8046875,-0.03125,-0.13671875,0.51953125,-5.05078125,776.25,15.672500000000001,12160
2024-08-18 12:07:54.152,1.33984375,-0.11328125,19.6484375,0.828125,0.8046875,-0.03125,-0.13671875,0.51953125,-5.05078125,548.75,15.7125,8630
2024-08-18 12:07:54.168,0.84375,0.0,0.11328125,-0.041015625,0.99609375,0.130859375,0.44140625,0.55078125,10.05859375,620.0,15.69375,9730
2024-08-18 12:07:54.188,0.84375,0.0,0.11328125,-0.041015625,0.99609375,0.130859375,0.44140625,0.55078125,10.05859375,776.25,15.6675,12160
2024-08-18 12:07:54.202,0.84375,0.0,0.11328125,-0.041015625,0.99609375,0.130859375,0.44140625,0.55078125,10.05859375,636.25,15.695,9980
2024-08-18 12:07:54.216,-2.48828125,0.421875,16.8515625,-0.10546875,-0.9921875,0.443359375,-3.45703125,1.0703125,7.26953125,586.25,15.7075,9200
2024-08-18 12:07:54.237,2.0703125,1.45703125,5.17578125,-0.10546875,-0.9921875,0.443359375,-3.45703125,1.0703125,7.26953125,730.0,15.668750000000001,11440
2024-08-18 12:07:54.255,2.0703125,1.45703125,5.17578125,-0.10546875,-0.9921875,0.443359375,-3.45703125,1.0703125,7.26953125,766.25,15.665000000000001,12010
2024-08-18 12:07:54.268,5.171875,-1.68359375,5.9375,0.673828125,0.869140625,0.03125,1.1484375,2.13671875,-4.4140625,1040.0,15.61625,16240
2024-08-18 12:07:54.288,5.171875,-1.68359375,5.9375,0.673828125,0.869140625,0.03125,1.1484375,2.13671875,-4.4140625,808.75,15.6575,12660
2024-08-18 12:07:54.303,-4.09765625,-0.3828125,16.62890625,0.673828125,0.869140625,0.03125,1.1484375,2.13671875,-4.4140625,747.5,15.66625,11710
2024-08-18 12:07:54.318,-4.09765625,-0.3828125,16.62890625,0.09765625,-1.490234375,0.328125,-4.97265625,0.1640625,7.03125,687.5,15.68375,10780
2024-08-18 12:07:54.338,2.98828125,-0.57421875,6.08984375,0.09765625,-1.490234375,0.328125,-4.97265625,0.1640625,7.03125,845.0,15.6575,13220
2024-08-18 12:07:54.356,2.98828125,-0.57421875,6.08984375,0.09765625,-1.490234375,0.328125,-4.97265625,0.1640625,7.03125,936.25,15.6275,14630
2024-08-18 12:07:54.371,5.9375,3.41015625,8.6171875,-0.603515625,1.20703125,-0.044921875,5.1796875,3.90234375,-0.9921875,842.5,15.651250000000001,13180
2024-08-18 12:07:54.388,5.9375,3.41015625,8.6171875,-0.603515625,1.20703125,-0.044921875,5.1796875,3.90234375,-0.9921875,632.5,15.69,9920
2024-08-18 12:07:54.402,-2.6796875,0.0390625,11.453125,-0.603515625,1.20703125,-0.044921875,5.1796875,3.90234375,-0.9921875,586.25,15.70125,9200
2024-08-18 12:07:54.418,1.6484375,-1.9140625,10.38671875,-0.029296875,-0.578125,-0.02734375,-3.46875,0.515625,1.84375,677.5,15.682500000000001,10620
2024-08-18 12:07:54.437,1.6484375,-1.9140625,10.38671875,-0.029296875,-0.578125,-0.02734375,-3.46875,0.515625,1.84375,651.25,15.6925,10210
2024-08-18 12:07:54.452,1.6484375,-1.9140625,10.38671875,-0.029296875,-0.578125,-0.02734375,-3.46875,0.515625,1.84375,722.5,15.6675,11320
2024-08-18 12:07:54.465,2.296875,0.15234375,5.8203125,0.05078125,0.341796875,0.173828125,1.578125,0.53515625,-3.78515625,746.25,15.672500000000001,11700
2024-08-18 12:07:54.486,3.41015625,3.02734375,11.07421875,0.05078125,0.341796875,0.173828125,1.578125,0.53515625,-3.78515625,702.5,15.68125,11020
2024-08-18 12:07:54.501,3.41015625,3.02734375,11.07421875,0.05078125,0.341796875,0.173828125,1.578125,0.53515625,-3.78515625,650.0,15.69,10200
2024-08-18 12:07:54.516,-2.6796875,-0.421875,11.03515625,0.244140625,-0.287109375,0.154296875,2.75390625,3.51953125,1.4609375,710.0,15.68125,11140
2024-08-18 12:07:54.536,-2.6796875,-0.421875,11.03515625,0.244140625,-0.287109375,0.154296875,2.75390625,3.51953125,1.4609375,716.25,15.675,11230
2024-08-18 12:07:54.550,2.48828125,-0.26953125,10.03515625,0.244140625,-0.287109375,0.154296875,2.75390625,3.51953125,1.4609375,790.0,15.66125,12380
2024-08-18 12:07:54.567,2.48828125,-0.26953125,10.03515625,-0.259765625,-0.138671875,-0.041015625,1.78515625,0.26171875,0.43359375,563.75,15.70875,8860
2024-08-18 12:07:54.587,-0.15234375,-2.8359375,9.15625,-0.259765625,-0.138671875,-0.041015625,1.78515625,0.26171875,0.43359375,547.5,15.70875,8540
2024-08-18 12:07:54.605,-0.15234375,-2.8359375,9.15625,-0.259765625,-0.138671875,-0.041015625,1.78515625,0.26171875,0.43359375,811.25,15.66,12710
2024-08-18 12:07:54.618,3.9453125,2.18359375,8.421875,-0.130859375,0.1328125,0.244140625,3.171875,2.53515625,-1.18359375,603.75,15.69875,9470
2024-08-18 12:07:54.637,3.9453125,2.18359375,8.421875,-0.130859375,0.1328125,0.244140625,3.171875,2.53515625,-1.18359375,662.5,15.685,10390
2024-08-18 12:07:54.653,0.078125,0.19140625,10.7265625,-0.130859375,0.1328125,0.244140625,3.171875,2.53515625,-1.18359375,583.75,15.69875,9170
2024-08-18 12:07:54.668,0.0390625,-1.109375,7.0859375,0.1796875,-0.5546875,0.314453125,-0.671875,0.43359375,1.1171875,515.0,15.717500000000001,8090
2024-08-18 12:07:54.688,0.0390625,-1.109375,7.0859375,0.1796875,-0.5546875,0.314453125,-0.671875,0.43359375,1.1171875,698.75,15.6775,10960
2024-08-18 12:07:54.702,0.0390625,-1.109375,7.0859375,0.1796875,-0.5546875,0.314453125,-0.671875,0.43359375,1.1171875,592.5,15.695,9310
2024-08-18 12:07:54.715,1.72265625,1.9921875,12.10546875,0.439453125,-0.2421875,-0.2109375,0.84765625,2.2578125,2.50390625,501.25,15.717500000000001,7870
2024-08-18 12:07:54.735,-1.45703125,-0.53515625,11.375,0.439453125,-0.2421875,-0.2109375,0.84765625,2.2578125,2.50390625,577.5,15.69875,9060
2024-08-18 12:07:54.751,-1.45703125,-0.53515625,11.375,0.439453125,-0.2421875,-0.2109375,0.84765625,2.2578125,2.50390625,660.0,15.69125,10360
2024-08-18 12:07:54.766,5.25,0.23046875,4.48046875,0.158203125,-0.25390625,0.00390625,-2.71484375,-0.23046875,1.82421875,731.25,15.68,11470
2024-08-18 12:07:54.786,5.25,0.23046875,4.48046875,0.158203125,-0.25390625,0.00390625,-2.71484375,-0.23046875,1.82421875,683.75,15.67875,10730
2024-08-18 12:07:54.800,0.84375,-2.4140625,12.56640625,0.158203125,-0.25390625,0.00390625,-2.71484375,-0.23046875,1.82421875,642.5,15.68875,10090
2024-08-18 12:07:54.817,0.84375,-2.4140625,12.56640625,0.224609375,0.728515625,-0.10546875,-0.140625,-2.296875,2.97265625,546.25,15.7125,8590
2024-08-18 12:07:54.838,-1.33984375,-0.15234375,9.921875,0.224609375,0.728515625,-0.10546875,-0.140625,-2.296875,2.97265625,503.75,15.717500000000001,7920
2024-08-18 12:07:54.856,-1.33984375,-0.15234375,9.921875,0.064453125,-0.884765625,0.50390625,-0.140625,-2.296875,2.97265625,526.25,15.713750000000001,8270
2024-08-18 12:07:54.870,-0.61328125,1.33984375,9.34765625,0.064453125,-0.884765625,0.50390625,-1.87109375,1.33203125,-0.21484375,513.75,15.713750000000001,8080
2024-08-18 12:07:54.888,-0.61328125,1.33984375,9.34765625,0.064453125,-0.884765625,0.50390625,-1.87109375,1.33203125,-0.21484375,665.0,15.6875,10430
2024-08-18 12:07:54.902,2.3359375,1.30078125,3.2890625,0.064453125,-0.884765625,0.50390625,-1.87109375,1.33203125,-0.21484375,681.25,15.6875,10690
2024-08-18 12:07:54.917,5.36328125,0.11328125,17.125,-0.595703125,-0.13671875,-0.12890625,0.90625,1.47265625,-6.23828125,625.0,15.69,9810
2024-08-18 12:07:54.938,5.36328125,0.11328125,17.125,-0.595703125,-0.13671875,-0.12890625,0.90625,1.47265625,-6.23828125,772.5,15.6625,12100
2024-08-18 12:07:54.953,2.94921875,-0.11328125,4.828125,-0.595703125,-0.13671875,-0.12890625,0.90625,1.47265625,-6.23828125,870.0,15.63875,13610
2024-08-18 12:07:54.968,2.94921875,-0.11328125,4.828125,-0.048828125,1.89453125,-0.318359375,2.08203125,0.03515625,-4.7734375,670.0,15.69,10510
2024-08-18 12:07:54.987,-4.98046875,-3.1015625,15.55078125,-0.048828125,1.89453125,-0.318359375,2.08203125,0.03515625,-4.7734375,572.5,15.703750000000001,8990
2024-08-18 12:07:55.005,-4.98046875,-3.1015625,15.55078125,-0.048828125,1.89453125,-0.318359375,2.08203125,0.03515625,-4.7734375,555.0,15.703750000000001,8720
2024-08-18 12:07:55.020,4.328125,3.75390625,5.0546875,-0.404296875,-0.10546875,0.451171875,-6.14453125,-3.109375,5.98046875,1050.0,15.6075,16380
2024-08-18 12:07:55.038,4.328125,3.75390625,5.0546875,-0.404296875,-0.10546875,0.451171875,-6.14453125,-3.109375,5.98046875,766.25,15.66375,12010
2024-08-18 12:07:55.053,-0.69140625,-0.7265625,16.046875,-0.404296875,-0.10546875,0.451171875,-6.14453125,-3.109375,5.98046875,738.75,15.67625,11580
2024-08-18 12:07:55.068,-0.69140625,-0.7265625,16.046875,0.83203125,0.21875,0.515625,-1.70703125,-0.8203125,6.45703125,568.75,15.700000000000001,8930
2024-08-18 12:07:55.087,-0.0390625,-0.11328125,4.828125,0.83203125,0.21875,0.515625,-1.70703125,-0.8203125,6.45703125,727.5,15.675,11410
2024-08-18 12:07:55.105,-0.0390625,-0.11328125,4.828125,0.83203125,0.21875,0.515625,-1.70703125,-0.8203125,6.45703125,832.5,15.64625,13030
2024-08-18 12:07:55.118,3.37109375,1.9140625,7.20703125,0.435546875,0.134765625,0.3125,2.40234375,1.640625,-2.390625,808.75,15.66625,12670
2024-08-18 12:07:55.137,3.37109375,1.9140625,7.20703125,0.435546875,0.134765625,0.3125,2.40234375,1.640625,-2.390625,697.5,15.67625,10930
2024-08-18 12:07:55.151,2.03125,3.33203125,9.96484375,0.435546875,0.134765625,0.3125,2.40234375,1.640625,-2.390625,736.25,15.6625,11530
2024-08-18 12:07:55.167,-3.484375,-2.87109375,8.01171875,-0.2421875,-0.2578125,-0.056640625,1.2890625,3.41015625,0.34375,533.75,15.71,8380
2024-08-18 12:07:55.187,-3.484375,-2.87109375,8.01171875,-0.2421875,-0.2578125,-0.056640625,1.2890625,3.41015625,0.34375,598.75,15.696250000000001,9400
2024-08-18 12:07:55.203,6.8203125,1.953125,12.44921875,-0.2421875,-0.2578125,-0.056640625,1.2890625,3.41015625,0.34375,920.0,15.6425,14390
2024-08-18 12:07:55.218,6.8203125,1.953125,12.44921875,-0.310546875,1.33203125,-0.412109375,5.7890625,1.84375,2.85546875,756.25,15.65875,11850
2024-08-18 12:07:55.237,0.26953125,0.84375,11.98828125,-0.310546875,1.33203125,-0.412109375,5.7890625,1.84375,2.85546875,510.0,15.713750000000001,8010
2024-08-18 12:07:55.254,0.26953125,0.84375,11.98828125,-0.310546875,1.33203125,-0.412109375,5.7890625,1.84375,2.85546875,546.25,15.7075,8580
2024-08-18 12:07:55.267,-1.33984375,1.72265625,0.7265625,-0.421875,0.119140625,-0.1796875,-0.65234375,0.796875,2.38671875,726.25,15.6775,11380
2024-08-18 12:07:55.286,-1.33984375,1.72265625,0.7265625,-0.421875,0.119140625,-0.1796875,-0.65234375,0.796875,2.38671875,838.75,15.6525,13130
2024-08-18 12:07:55.301,4.51953125,-1.9921875,20.1875,-0.421875,0.119140625,-0.1796875,-0.65234375,0.796875,2.38671875,680.0,15.68,10660
2024-08-18 12:07:55.316,4.51953125,-1.9921875,20.1875,-0.205078125,0.17578125,0.068359375,3.46484375,-1.9375,10.59375,710.0,15.675,11140
2024-08-18 12:07:55.336,-0.84375,1.03515625,0.99609375,-0.205078125,0.17578125,0.068359375,3.46484375,-1.9375,10.59375,1317.5,15.55125,20490
2024-08-18 12:07:55.354,-0.84375,1.03515625,0.99609375,-0.205078125,0.17578125,0.068359375,3.46484375,-1.9375,10.59375,1141.25,15.588750000000001,17810
2024-08-18 12:07:55.367,3.71484375,-1.109375,19.50390625,-0.01171875,0.650390625,0.4140625,2.62890625,-0.953125,9.9140625,738.75,15.6625,11570
2024-08-18 12:07:55.386,3.71484375,-1.109375,19.50390625,-0.01171875,0.650390625,0.4140625,2.62890625,-0.953125,9.9140625,667.5,15.68125,10470
2024-08-18 12:07:55.401,0.3046875,-1.37890625,4.0625,-0.01171875,0.650390625,0.4140625,2.62890625,-0.953125,9.9140625,965.0,15.6325,15080
2024-08-18 12:07:55.416,5.44140625,1.33984375,12.296875,0.19921875,-0.052734375,0.193359375,-0.8671875,-1.35546875,-5.5234375,918.75,15.62875,14360
2024-08-18 12:07:55.437,5.44140625,1.33984375,12.296875,0.19921875,-0.052734375,0.193359375,-0.8671875,-1.35546875,-5.5234375,928.75,15.62625,14520
2024-08-18 12:07:55.451,5.44140625,1.33984375,12.296875,0.19921875,-0.052734375,0.193359375,-0.8671875,-1.35546875,-5.5234375,832.5,15.6475,13030
2024-08-18 12:07:55.464,-2.296875,0.11328125,14.98046875,-0.06640625,0.322265625,0.31640625,-3.09375,0.16796875,5.34375,556.25,15.703750000000001,8730
2024-08-18 12:07:55.485,-0.49609375,0.57421875,2.03125,-0.06640625,0.322265625,0.31640625,-3.09375,0.16796875,5.34375,550.0,15.70625,8640
2024-08-18 12:07:55.501,-0.49609375,0.57421875,2.03125,-0.06640625,0.322265625,0.31640625,-3.09375,0.16796875,5.34375,742.5,15.66625,11640
2024-08-18 12:07:55.515,1.45703125,0.26953125,9.04296875,-0.142578125,-0.046875,0.033203125,-1.30078125,0.75390625,-7.6015625,628.75,15.68875,9870
2024-08-18 12:07:55.536,1.45703125,0.26953125,9.04296875,-0.142578125,-0.046875,0.033203125,-1.30078125,0.75390625,-7.6015625,753.75,15.665000000000001,11800
2024-08-18 12:07:55.550,0.8046875,1.53125,15.28125,-0.142578125,-0.046875,0.033203125,-1.30078125,0.75390625,-7.6015625,653.75,15.69,10250
2024-08-18 12:07:55.566,0.8046875,1.53125,15.28125,-0.125,-0.189453125,-0.10546875,-0.09375,1.6796875,5.66015625,655.0,15.686250000000001,10280
2024-08-18 12:07:55.586,0.95703125,-0.3828125,2.26171875,-0.125,-0.189453125,-0.10546875,-0.09375,1.6796875,5.66015625,606.25,15.6925,9510
2024-08-18 12:07:55.604,0.95703125,-0.3828125,2.26171875,-0.125,-0.189453125,-0.10546875,-0.09375,1.6796875,5.66015625,821.25,15.65625,12860
2024-08-18 12:07:55.617,3.41015625,-1.109375,15.32421875,0.037109375,0.404296875,-0.234375,2.48046875,-0.8984375,5.70703125,762.5,15.66,11940
2024-08-18 12:07:55.637,3.41015625,-1.109375,15.32421875,0.037109375,0.404296875,-0.234375,2.48046875,-0.8984375,5.70703125,747.5,15.67,11710
2024-08-18 12:07:55.652,1.68359375,-0.765625,7.01171875,0.037109375,0.404296875,-0.234375,2.48046875,-0.8984375,5.70703125,680.0,15.6775,10660
2024-08-18 12:07:55.667,0.69140625,0.49609375,7.66015625,0.091796875,0.662109375,0.056640625,1.03515625,-0.59375,-2.63671875,723.75,15.67125,11340
2024-08-18 12:07:55.687,0.69140625,0.49609375,7.66015625,0.091796875,0.662109375,0.056640625,1.03515625,-0.59375,-2.63671875,801.25,15.651250000000001,12540
2024-08-18 12:07:55.702,0.69140625,0.49609375,7.66015625,0.091796875,0.662109375,0.056640625,1.03515625,-0.59375,-2.63671875,620.0,15.69125,9730
2024-08-18 12:07:55.715,-1.07421875,0.3046875,16.203125,-0.515625,-0.73046875,-0.380859375,-1.90234375,0.5546875,6.5703125,520.0,15.71625,7910
2024-08-18 12:07:55.735,1.30078125,-0.765625,2.10546875,-0.515625,-0.73046875,-0.380859375,-1.90234375,0.5546875,6.5703125,537.5,15.715,8440
2024-08-18 12:07:55.753,1.30078125,-0.765625,2.10546875,-0.515625,-0.73046875,-0.380859375,-1.90234375,0.5546875,6.5703125,1011.25,15.61625,15800
2024-08-18 12:07:55.766,5.01953125,1.609375,14.78515625,-0.84375,0.337890625,-0.4921875,0.41796875,-0.421875,-7.51953125,791.25,15.6575,12390
2024-08-18 12:07:55.786,5.01953125,1.609375,14.78515625,-0.84375,0.337890625,-0.4921875,0.41796875,-0.421875,-7.51953125,698.75,15.67125,10960
2024-08-18 12:07:55.800,-0.61328125,-0.91796875,8.0078125,-0.84375,0.337890625,-0.4921875,0.41796875,-0.421875,-7.51953125,752.5,15.66375,11790
2024-08-18 12:07:55.816,-0.61328125,-0.91796875,8.0078125,-0.064453125,-0.083984375,-0.2265625,-1.48046875,-0.62890625,-1.609375,816.25,15.655000000000001,12770
2024-08-18 12:07:55.837,1.9140625,-1.03515625,12.33984375,-0.064453125,-0.083984375,-0.2265625,-1.48046875,-0.62890625,-1.609375,597.5,15.703750000000001,9380
2024-08-18 12:07:55.855,1.9140625,-1.03515625,12.33984375,-0.064453125,-0.083984375,-0.2265625,-1.48046875,-0.62890625,-1.609375,576.25,15.696250000000001,9050
2024-08-18 12:07:55.870,-0.7265625,-1.07421875,6.28125,0.017578125,-0.634765625,-0.349609375,-1.671875,-0.77734375,-3.3359375,748.75,15.668750000000001,11740
2024-08-18 12:07:55.888,-0.7265625,-1.07421875,6.28125,0.017578125,-0.634765625,-0.349609375,-1.671875,-0.77734375,-3.3359375,682.5,15.68,10700
2024-08-18 12:07:55.901,4.48046875,-1.109375,8.3125,0.017578125,-0.634765625,-0.349609375,-1.671875,-0.77734375,-3.3359375,691.25,15.68375,10840
2024-08-18 12:07:55.917,0.26953125,2.14453125,16.85546875,0.134765625,-1.15234375,-0.34375,3.57421875,-0.859375,-1.296875,746.25,15.66625,11690
2024-08-18 12:07:55.937,0.26953125,2.14453125,16.85546875,0.134765625,-1.15234375,-0.34375,3.57421875,-0.859375,-1.296875,626.25,15.69,9830
2024-08-18 12:07:55.951,0.26953125,2.14453125,16.85546875,0.134765625,-1.15234375,-0.34375,3.57421875,-0.859375,-1.296875,546.25,15.703750000000001,8580
2024-08-18 12:07:55.964,1.109375,-0.84375,3.98828125,-0.2578125,0.591796875,-0.396484375,0.421875,-0.4609375,-5.640625,856.25,15.64,13390
2024-08-18 12:07:55.985,-1.1484375,-3.21875,9.8046875,-0.2578125,0.591796875,-0.396484375,0.421875,-0.4609375,-5.640625,507.5,15.713750000000001,8230
2024-08-18 12:07:56.000,-1.1484375,-3.21875,9.8046875,-0.2578125,0.591796875,-0.396484375,0.421875,-0.4609375,-5.640625,661.25,15.68125,10370
2024-08-18 12:07:56.014,-1.1484375,-3.21875,9.8046875,0.4921875,0.1953125,-0.208984375,0.421875,-0.4609375,-5.640625,832.5,15.65,13030
2024-08-18 12:07:56.028,4.48046875,3.37109375,11.03125,0.4921875,0.1953125,-0.208984375,-1.8125,-3.046875,0.17578125,730.0,15.67125,11440
2024-08-18 12:07:56.047,-2.6796875,-1.609375,13.5234375,0.4921875,0.1953125,-0.208984375,-1.8125,-3.046875,0.17578125,730.0,15.668750000000001,11440
2024-08-18 12:07:56.064,-2.6796875,-1.609375,13.5234375,-0.388671875,-0.361328125,-0.216796875,-1.8125,-3.046875,0.17578125,570.0,15.69875,8950
2024-08-18 12:07:56.078,-0.421875,-1.1875,5.5546875,-0.388671875,-0.361328125,-0.216796875,-3.2890625,-1.40625,3.8828125,596.25,15.695,9360
2024-08-18 12:07:56.096,-0.421875,-1.1875,5.5546875,-0.388671875,-0.361328125,-0.216796875,-3.2890625,-1.40625,3.8828125,608.75,15.695,9550
2024-08-18 12:07:56.111,2.60546875,-0.4609375,7.046875,0.083984375,-0.646484375,-0.33984375,-3.2890625,-1.40625,3.8828125,867.5,15.641250000000001,13570
2024-08-18 12:07:56.128,2.60546875,-0.4609375,7.046875,0.083984375,-0.646484375,-0.33984375,1.66796875,-0.34375,-2.5703125,622.5,15.685,9770
2024-08-18 12:07:56.146,-1.72265625,2.56640625,16.96875,0.083984375,-0.646484375,-0.33984375,1.66796875,-0.34375,-2.5703125,626.25,15.69,9830
2024-08-18 12:07:56.163,-1.72265625,2.56640625,16.96875,-0.669921875,-0.525390625,-0.41015625,1.66796875,-0.34375,-2.5703125,658.75,15.682500000000001,10330
2024-08-18 12:07:56.178,1.72265625,-1.30078125,4.671875,-0.669921875,-0.525390625,-0.41015625,-2.82421875,2.94140625,7.375,698.75,15.67875,10960
2024-08-18 12:07:56.193,1.72265625,-1.30078125,4.671875,-0.669921875,-0.525390625,-0.41015625,-2.82421875,2.94140625,7.375,625.0,15.6925,9810
2024-08-18 12:07:56.206,1.265625,-3.6015625,9.3046875,0.6328125,-0.517578125,-0.3046875,-2.82421875,2.94140625,7.375,551.25,15.70125,8650
2024-08-18 12:07:56.226,1.265625,-3.6015625,9.3046875,0.6328125,-0.517578125,-0.3046875,-0.0234375,-3.4140625,-0.26171875,633.75,15.69,9950
2024-08-18 12:07:56.241,1.953125,0.0,8.7734375,0.6328125,-0.517578125,-0.3046875,-0.0234375,-3.4140625,-0.26171875,842.5,15.64875,13180
2024-08-18 12:07:56.257,1.953125,0.0,8.7734375,-0.310546875,0.87890625,-0.498046875,-0.0234375,-3.4140625,-0.26171875,850.0,15.64625,13300
2024-08-18 12:07:56.275,3.71484375,0.95703125,14.9375,-0.310546875,0.87890625,-0.498046875,0.7890625,0.203125,-0.8203125,625.0,15.6875,9810
2024-08-18 12:07:56.292,3.71484375,0.95703125,14.9375,-0.310546875,0.87890625,-0.498046875,0.7890625,0.203125,-0.8203125,561.25,15.7025,8820
2024-08-18 12:07:56.306,-0.4609375,-1.953125,1.6484375,0.783203125,0.380859375,-0.494140625,0.7890625,0.203125,-0.8203125,750.0,15.67375,11750
2024-08-18 12:07:56.326,-0.765625,0.078125,17.578125,0.783203125,0.380859375,-0.494140625,-1.3515625,-1.984375,-7.9765625,581.25,15.6975,9130
2024-08-18 12:07:56.345,-0.765625,0.078125,17.578125,0.783203125,0.380859375,-0.494140625,-1.3515625,-1.984375,-7.9765625,646.25,15.69,10140
2024-08-18 12:07:56.360,3.33203125,0.61328125,4.5546875,-0.28125,0.357421875,-0.171875,2.38671875,0.62890625,-5.05859375,766.25,15.66,11990
2024-08-18 12:07:56.381,3.33203125,0.61328125,4.5546875,-0.28125,0.357421875,-0.171875,2.38671875,0.62890625,-5.05859375,1072.5,15.60125,16730
2024-08-18 12:07:56.395,-0.765625,-0.421875,12.83203125,-0.28125,0.357421875,-0.171875,2.38671875,0.62890625,-5.05859375,708.75,15.67125,11110
2024-08-18 12:07:56.413,-0.765625,-0.421875,12.83203125,0.16796875,-1.078125,-0.03515625,-1.6484375,-0.4921875,3.20703125,563.75,15.7025,8860
2024-08-18 12:07:56.431,0.15234375,-0.3828125,8.27734375,0.16796875,-1.078125,-0.03515625,-1.6484375,-0.4921875,3.20703125,561.25,15.70625,8860
2024-08-18 12:07:56.447,0.15234375,-0.3828125,8.27734375,0.16796875,-1.078125,-0.03515625,-1.6484375,-0.4921875,3.20703125,770.0,15.66,12060
2024-08-18 12:07:56.462,3.140625,3.984375,5.78515625,-1.869140625,0.642578125,-0.109375,2.296875,4.0625,-3.83984375,763.75,15.6525,11960
2024-08-18 12:07:56.482,3.140625,3.984375,5.78515625,-1.869140625,0.642578125,-0.109375,2.296875,4.0625,-3.83984375,607.5,15.695,9540
2024-08-18 12:07:56.495,-2.18359375,-0.95703125,15.51953125,-1.869140625,0.642578125,-0.109375,2.296875,4.0625,-3.83984375,503.75,15.7125,7910
2024-08-18 12:07:56.512,-2.18359375,-0.95703125,15.51953125,-0.09765625,-0.423828125,-0.404296875,2.296875,4.0625,-3.83984375,572.5,15.703750000000001,8990
2024-08-18 12:07:56.527,1.9140625,-2.2578125,0.53515625,-0.09765625,-0.423828125,-0.404296875,-3.16015625,-0.85546875,5.90625,621.25,15.68875,9740
2024-08-18 12:07:56.546,-3.2578125,2.60546875,14.2109375,-0.09765625,-0.423828125,-0.404296875,-3.16015625,-0.85546875,5.90625,802.5,15.655000000000001,12560
2024-08-18 12:07:56.564,-3.2578125,2.60546875,14.2109375,-0.029296875,-1.376953125,0.421875,-4.3671875,2.48828125,4.6171875,511.25,15.71125,8040
2024-08-18 12:07:56.581,-1.30078125,0.61328125,10.7265625,-0.029296875,-1.376953125,0.421875,-4.3671875,2.48828125,4.6171875,457.5,15.7225,7190
2024-08-18 12:07:56.596,-1.30078125,0.61328125,10.7265625,-0.029296875,-1.376953125,0.421875,-4.3671875,2.48828125,4.6171875,636.25,15.685,9980
2024-08-18 12:07:56.611,3.71484375,-2.60546875,4.71484375,0.3671875,-1.087890625,0.005859375,-4.3671875,2.48828125,4.6171875,1012.5,15.61375,15810
2024-08-18 12:07:56.628,3.71484375,-2.60546875,4.71484375,0.3671875,-1.087890625,0.005859375,2.06640625,-2.72265625,-4.796875,856.25,15.63125,13400
2024-08-18 12:07:56.645,3.640625,2.375,13.67578125,0.3671875,-1.087890625,0.005859375,2.06640625,-2.72265625,-4.796875,707.5,15.67125,11090
2024-08-18 12:07:56.660,3.640625,2.375,13.67578125,-0.591796875,0.205078125,0.173828125,2.06640625,-2.72265625,-4.796875,683.75,15.6775,10710
2024-08-18 12:07:56.676,1.265625,-1.1484375,2.640625,-0.591796875,0.205078125,0.173828125,2.125,2.4375,4.13671875,926.25,15.62625,14480
2024-08-18 12:07:56.694,1.265625,-1.1484375,2.640625,-0.591796875,0.205078125,0.173828125,2.125,2.4375,4.13671875,982.5,15.63125,15350
2024-08-18 12:07:56.707,3.06640625,1.03515625,20.57421875,0.119140625,0.9140625,0.60546875,2.125,2.4375,4.13671875,665.0,15.682500000000001,10430
2024-08-18 12:07:56.726,3.06640625,1.03515625,20.57421875,0.119140625,0.9140625,0.60546875,1.66015625,1.11328125,11.0234375,690.0,15.67125,10820
2024-08-18 12:07:56.744,0.0,-0.84375,2.90625,0.119140625,0.9140625,0.60546875,1.66015625,1.11328125,11.0234375,638.75,15.682500000000001,10020
2024-08-18 12:07:56.758,0.0,-0.84375,2.90625,1.134765625,-1.619140625,0.56640625,1.66015625,1.11328125,11.0234375,502.5,15.713750000000001,7900
2024-08-18 12:07:56.775,-0.34375,-1.2265625,3.984375,1.134765625,-1.619140625,0.56640625,-1.453125,-0.84375,-6.63671875,1108.75,15.595,17290
2024-08-18 12:07:56.792,-0.34375,-1.2265625,3.984375,1.134765625,-1.619140625,0.56640625,-1.453125,-0.84375,-6.63671875,986.25,15.615,14860
2024-08-18 12:07:56.807,6.015625,6.47265625,18.31640625,-0.6796875,1.5546875,0.177734375,-1.453125,-0.84375,-6.63671875,851.25,15.6425,13310
2024-08-18 12:07:56.826,-1.2265625,-3.71484375,4.171875,-0.6796875,1.5546875,0.177734375,5.0234375,6.78515625,8.7265625,677.5,15.67625,10620
2024-08-18 12:07:56.845,-1.2265625,-3.71484375,4.171875,-0.6796875,1.5546875,0.177734375,5.0234375,6.78515625,8.7265625,660.0,15.68,10360
2024-08-18 12:07:56.859,2.296875,0.91796875,12.21875,0.34375,-0.646484375,-0.068359375,5.0234375,6.78515625,8.7265625,873.75,15.64,13670
2024-08-18 12:07:56.877,2.296875,0.91796875,12.21875,0.34375,-0.646484375,-0.068359375,1.2890625,1.04296875,2.6328125,792.5,15.65,12400
2024-08-18 12:07:56.895,0.26953125,-0.19140625,6.703125,0.34375,-0.646484375,-0.068359375,1.2890625,1.04296875,2.6328125,825.0,15.65,12900
2024-08-18 12:07:56.911,0.26953125,-0.19140625,6.703125,-0.09375,-0.599609375,0.11328125,1.2890625,1.04296875,2.6328125,862.5,15.64,13490
2024-08-18 12:07:56.926,1.87890625,-1.6484375,12.140625,-0.09375,-0.599609375,0.11328125,-0.57421875,0.02734375,-2.8828125,776.25,15.655000000000001,12150
2024-08-18 12:07:56.945,1.87890625,-1.6484375,12.140625,-0.09375,-0.599609375,0.11328125,-0.57421875,0.02734375,-2.8828125,758.75,15.66,11880
2024-08-18 12:07:56.960,0.19140625,-0.15234375,10.41796875,0.0234375,-0.1640625,0.5859375,-0.57421875,0.02734375,-2.8828125,597.5,15.695,9380
2024-08-18 12:07:56.977,0.19140625,-0.15234375,10.41796875,0.0234375,-0.1640625,0.5859375,-0.63671875,0.03515625,0.83203125,581.25,15.6975,9130
2024-08-18 12:07:56.995,0.4609375,-0.765625,3.79296875,0.0234375,-0.1640625,0.5859375,-0.63671875,0.03515625,0.83203125,885.0,15.63625,13840
2024-08-18 12:07:57.013,0.4609375,-0.765625,3.79296875,-0.548828125,-0.005859375,0.34765625,-0.63671875,0.03515625,0.83203125,695.0,15.6775,10890
2024-08-18 12:07:57.028,0.95703125,4.0234375,17.93359375,-0.548828125,-0.005859375,0.34765625,-0.421875,-0.6015625,-5.77734375,566.25,15.700000000000001,8900
2024-08-18 12:07:57.046,-1.6484375,0.765625,2.1796875,-0.548828125,-0.005859375,0.34765625,-0.421875,-0.6015625,-5.77734375,676.25,15.67625,10600
2024-08-18 12:07:57.064,-1.6484375,0.765625,2.1796875,0.23828125,-1.4765625,0.1953125,-2.859375,1.0390625,-7.35546875,628.75,15.6875,9870
2024-08-18 12:07:57.084,3.29296875,-2.03125,13.75390625,0.23828125,-1.4765625,0.1953125,-2.859375,1.0390625,-7.35546875,691.25,15.675,10840
2024-08-18 12:07:57.099,3.29296875,-2.03125,13.75390625,0.23828125,-1.4765625,0.1953125,-2.859375,1.0390625,-7.35546875,948.75,15.620000000000001,14820
2024-08-18 12:07:57.114,2.26171875,2.0703125,7.47265625,-0.546875,0.546875,0.765625,1.14453125,2.2578125,-2.0703125,797.5,15.65375,12480
2024-08-18 12:07:57.134,2.26171875,2.0703125,7.47265625,-0.546875,0.546875,0.765625,1.14453125,2.2578125,-2.0703125,567.5,15.703750000000001,8910
2024-08-18 12:07:57.147,-1.07421875,-0.23046875,11.71875,-0.546875,0.546875,0.765625,1.14453125,2.2578125,-2.0703125,642.5,15.686250000000001,10070
2024-08-18 12:07:57.165,-1.07421875,-0.23046875,11.71875,-0.41015625,-1.88671875,0.224609375,-2.51953125,0.03515625,2.23828125,753.75,15.668750000000001,11810
2024-08-18 12:07:57.185,2.60546875,1.1484375,14.328125,-0.41015625,-1.88671875,0.224609375,-2.51953125,0.03515625,2.23828125,571.25,15.6925,8970
2024-08-18 12:07:57.200,2.60546875,1.1484375,14.328125,-0.41015625,-1.88671875,0.224609375,-2.51953125,0.03515625,2.23828125,536.25,15.7025,8420
2024-08-18 12:07:57.214,1.07421875,-0.34375,1.953125,-0.0546875,0.34765625,0.369140625,-0.20703125,-0.0625,-7.5546875,1100.0,15.606250000000001,15410
2024-08-18 12:07:57.234,3.5625,0.95703125,10.49609375,-0.0546875,0.34765625,0.369140625,-0.20703125,-0.0625,-7.5546875,891.25,15.637500000000001,13940
2024-08-18 12:07:57.250,3.5625,0.95703125,10.49609375,-0.0546875,0.34765625,0.369140625,-0.20703125,-0.0625,-7.5546875,768.75,15.655000000000001,12030
2024-08-18 12:07:57.264,-0.49609375,-0.11328125,9.38671875,0.603515625,-0.474609375,0.28125,2.5,1.18359375,0.96484375,775.0,15.6575,12130
2024-08-18 12:07:57.284,-0.49609375,-0.11328125,9.38671875,0.603515625,-0.474609375,0.28125,2.5,1.18359375,0.96484375,857.5,15.645,13410
2024-08-18 12:07:57.297,5.2109375,-0.84375,12.64453125,0.603515625,-0.474609375,0.28125,2.5,1.18359375,0.96484375,706.25,15.67125,11070
2024-08-18 12:07:57.314,5.2109375,-0.84375,12.64453125,-0.12109375,1.30859375,0.46875,4.4609375,-0.5,3.0859375,740.0,15.65875,11580
2024-08-18 12:07:57.334,0.19140625,0.0,4.71484375,-0.12109375,1.30859375,0.46875,4.4609375,-0.5,3.0859375,815.0,15.655000000000001,12760
2024-08-18 12:07:57.349,0.19140625,0.0,4.71484375,-0.12109375,1.30859375,0.46875,4.4609375,-0.5,3.0859375,660.0,15.68,10360
2024-08-18 12:07:57.363,-3.484375,-0.53515625,17.8125,-0.36328125,-0.384765625,0.22265625,-4.09375,-0.08984375,8.2578125,621.25,15.682500000000001,9740
2024-08-18 12:07:57.384,-3.484375,-0.53515625,17.8125,-0.36328125,-0.384765625,0.22265625,-4.09375,-0.08984375,8.2578125,528.75,15.70875,8310
2024-08-18 12:07:57.397,0.765625,0.0,2.453125,-0.36328125,-0.384765625,0.22265625,-4.09375,-0.08984375,8.2578125,557.5,15.703750000000001,8760
2024-08-18 12:07:57.414,0.765625,0.0,2.453125,0.00390625,-0.271484375,-0.181640625,0.0859375,0.4140625,-7.1015625,623.75,15.68875,9790
2024-08-18 12:07:57.435,3.21875,-2.453125,6.4375,0.00390625,-0.271484375,-0.181640625,0.0859375,0.4140625,-7.1015625,737.5,15.665000000000001,11560
2024-08-18 12:07:57.449,3.21875,-2.453125,6.4375,0.00390625,-0.271484375,-0.181640625,0.0859375,0.4140625,-7.1015625,665.0,15.68,10430
2024-08-18 12:07:57.463,-0.26953125,1.9921875,15.4375,-0.84375,-0.4453125,0.212890625,-0.89453125,2.375,5.8828125,512.5,15.70875,8050
2024-08-18 12:07:57.484,0.078125,1.109375,6.32421875,-0.84375,-0.4453125,0.212890625,-0.89453125,2.375,5.8828125,458.75,15.72125,7210
2024-08-18 12:07:57.498,0.078125,1.109375,6.32421875,-0.84375,-0.4453125,0.212890625,-0.89453125,2.375,5.8828125,516.25,15.71,8120
2024-08-18 12:07:57.513,0.078125,1.109375,6.32421875,-0.802734375,-0.748046875,0.0703125,-0.89453125,2.375,5.8828125,591.25,15.686250000000001,9280
2024-08-18 12:07:57.527,-0.11328125,1.609375,4.5546875,-0.802734375,-0.748046875,0.0703125,-0.6796875,1.65625,-3.2109375,661.25,15.685,10370
2024-08-18 12:07:57.545,1.953125,-1.953125,18.73046875,-0.802734375,-0.748046875,0.0703125,-0.6796875,1.65625,-3.2109375,577.5,15.696250000000001,9060
2024-08-18 12:07:57.563,1.953125,-1.953125,18.73046875,-0.0703125,-0.005859375,0.3671875,-0.6796875,1.65625,-3.2109375,523.75,15.705,8230
2024-08-18 12:07:57.577,0.53515625,-0.15234375,-0.0390625,-0.0703125,-0.005859375,0.3671875,1.1796875,-1.359375,9.21484375,668.75,15.672500000000001,10480
2024-08-18 12:07:57.595,0.53515625,-0.15234375,-0.0390625,-0.0703125,-0.005859375,0.3671875,1.1796875,-1.359375,9.21484375,868.75,15.63625,13590
2024-08-18 12:07:57.610,1.953125,-0.421875,19.53125,-0.427734375,0.607421875,0.24609375,1.1796875,-1.359375,9.21484375,655.0,15.67625,10280
2024-08-18 12:07:57.627,1.953125,-0.421875,19.53125,-0.427734375,0.607421875,0.24609375,1.3203125,0.28125,10.01953125,698.75,15.67625,10940
2024-08-18 12:07:57.644,2.10546875,-0.8046875,3.9453125,-0.427734375,0.607421875,0.24609375,1.3203125,0.28125,10.01953125,741.25,15.665000000000001,11620
2024-08-18 12:07:57.662,2.10546875,-0.8046875,3.9453125,0.490234375,-1.037109375,0.3828125,1.3203125,0.28125,10.01953125,587.5,15.6975,9220
2024-08-18 12:07:57.676,-3.8671875,-0.84375,14.13671875,0.490234375,-1.037109375,0.3828125,1.27734375,-0.2265625,-5.5625,675.0,15.6775,10590
2024-08-18 12:07:57.695,-3.8671875,-0.84375,14.13671875,0.490234375,-1.037109375,0.3828125,1.27734375,-0.2265625,-5.5625,567.5,15.70125,8910
2024-08-18 12:07:57.710,5.25390625,1.1875,3.79296875,-0.349609375,0.57421875,0.283203125,4.2890625,1.84375,-5.68359375,848.75,15.6275,13260
2024-08-18 12:07:57.730,5.25390625,1.1875,3.79296875,-0.349609375,0.57421875,0.283203125,4.2890625,1.84375,-5.68359375,942.5,15.6275,14720
2024-08-18 12:07:57.744,0.34375,-0.4609375,17.46875,-0.349609375,0.57421875,0.283203125,4.2890625,1.84375,-5.68359375,521.25,15.705,8190
2024-08-18 12:07:57.762,0.34375,-0.4609375,17.46875,0.400390625,-0.21875,0.1328125,4.2890625,1.84375,-5.68359375,438.75,15.72375,6900
2024-08-18 12:07:57.777,-1.4921875,-0.19140625,7.81640625,0.400390625,-0.21875,0.1328125,-0.5546875,0.1796875,7.9765625,457.5,15.71875,7190
2024-08-18 12:07:57.792,-1.4921875,-0.19140625,7.81640625,0.400390625,-0.21875,0.1328125,-0.5546875,0.1796875,7.9765625,637.5,15.685,10000
2024-08-18 12:07:57.806,2.71875,-2.22265625,4.859375,0.69921875,0.478515625,0.5078125,-0.5546875,0.1796875,7.9765625,631.25,15.68875,9910
2024-08-18 12:07:57.825,1.37890625,0.26953125,13.52734375,0.69921875,0.478515625,0.5078125,1.6640625,-1.62890625,-4.62109375,592.5,15.6875,9290
2024-08-18 12:07:57.845,1.37890625,0.26953125,13.52734375,0.69921875,0.478515625,0.5078125,1.6640625,-1.62890625,-4.62109375,582.5,15.695,9140
2024-08-18 12:07:57.859,2.453125,-2.10546875,2.4140625,0.4453125,0.482421875,-0.013671875,1.6640625,-1.62890625,-4.62109375,716.25,15.6675,11230
2024-08-18 12:07:57.878,2.453125,-2.10546875,2.4140625,0.4453125,0.482421875,-0.013671875,1.5078125,-1.44921875,-7.078125,712.5,15.668750000000001,11160
2024-08-18 12:07:57.894,-0.23046875,-1.1484375,22.52734375,0.4453125,0.482421875,-0.013671875,1.5078125,-1.44921875,-7.078125,515.0,15.71,8090
2024-08-18 12:07:57.912,-0.23046875,-1.1484375,22.52734375,-0.080078125,0.060546875,0.109375,1.5078125,-1.44921875,-7.078125,423.75,15.72375,6670
2024-08-18 12:07:57.927,0.421875,0.421875,-0.65234375,-0.080078125,0.060546875,0.109375,-1.29296875,-0.53125,13.0390625,522.5,15.69875,8200
2024-08-18 12:07:57.945,0.421875,0.421875,-0.65234375,-0.080078125,0.060546875,0.109375,-1.29296875,-0.53125,13.0390625,912.5,15.633750000000001,14260
2024-08-18 12:07:57.959,0.7265625,0.65234375,13.71484375,-0.2265625,-0.654296875,0.154296875,-1.29296875,-0.53125,13.0390625,641.25,15.6875,10060
2024-08-18 12:07:57.977,0.7265625,0.65234375,13.71484375,-0.2265625,-0.654296875,0.154296875,-0.46875,1.41015625,4.26171875,486.25,15.7125,7640
2024-08-18 12:07:57.994,3.41015625,0.49609375,9.34375,-0.2265625,-0.654296875,0.154296875,-0.46875,1.41015625,4.26171875,605.0,15.696250000000001,9500
2024-08-18 12:07:58.010,3.41015625,0.49609375,9.34375,1.470703125,-0.55859375,-0.251953125,-0.46875,1.41015625,4.26171875,783.75,15.66,12280
2024-08-18 12:07:58.025,-2.4140625,-4.13671875,8.66015625,1.470703125,-0.55859375,-0.251953125,2.47265625,1.23828125,-0.15234375,562.5,15.6975,8830
2024-08-18 12:07:58.044,-2.4140625,-4.13671875,8.66015625,1.470703125,-0.55859375,-0.251953125,2.47265625,1.23828125,-0.15234375,636.25,15.6925,9970
2024-08-18 12:07:58.061,-1.41796875,-0.26953125,8.27734375,-0.775390625,-0.689453125,0.27734375,2.47265625,1.23828125,-0.15234375,941.25,15.623750000000001,14710
2024-08-18 12:07:58.076,4.4453125,-4.3671875,15.20703125,-0.775390625,-0.689453125,0.27734375,-2.64453125,0.55859375,-1.1796875,736.25,15.65875,11530
2024-08-18 12:07:58.094,4.4453125,-4.3671875,15.20703125,-0.775390625,-0.689453125,0.27734375,-2.64453125,0.55859375,-1.1796875,532.5,15.7025,8360
2024-08-18 12:07:58.107,0.61328125,-0.11328125,2.296875,0.009765625,1.025390625,0.53515625,-2.64453125,0.55859375,-1.1796875,695.0,15.65875,10880
2024-08-18 12:07:58.124,0.61328125,-0.11328125,2.296875,0.009765625,1.025390625,0.53515625,-0.31640625,0.56640625,-7.2109375,1077.5,15.602500000000001,16810
2024-08-18 12:07:58.140,0.69140625,0.53515625,19.4609375,0.009765625,1.025390625,0.53515625,-0.31640625,0.56640625,-7.2109375,592.5,15.69375,9290
2024-08-18 12:07:58.155,0.69140625,0.53515625,19.4609375,0.23828125,-0.400390625,-0.048828125,-0.31640625,0.56640625,-7.2109375,453.75,15.717500000000001,7130
2024-08-18 12:07:58.173,0.65234375,1.296875,0.8828125,0.23828125,-0.400390625,-0.048828125,-0.19921875,1.10546875,9.9296875,938.75,15.620000000000001,14660
2024-08-18 12:07:58.189,0.65234375,1.296875,0.8828125,0.23828125,-0.400390625,-0.048828125,-0.19921875,1.10546875,9.9296875,847.5,15.63625,13250
2024-08-18 12:07:58.203,2.796875,-1.37890625,18.16015625,-0.296875,0.57421875,-0.51171875,-0.19921875,1.10546875,9.9296875,640.0,15.685,10040
2024-08-18 12:07:58.222,2.796875,-1.37890625,18.16015625,-0.296875,0.57421875,-0.51171875,2.15625,-0.65234375,8.6171875,468.75,15.715,7370
2024-08-18 12:07:58.237,-0.91796875,-0.8828125,0.15234375,-0.296875,0.57421875,-0.51171875,2.15625,-0.65234375,8.6171875,621.25,15.68375,9750
2024-08-18 12:07:58.254,-0.91796875,-0.8828125,0.15234375,2.82421875,-2.259765625,-0.341796875,2.15625,-0.65234375,8.6171875,702.5,15.65875,11000
2024-08-18 12:07:58.271,-0.49609375,-0.57421875,17.2734375,2.82421875,-2.259765625,-0.341796875,-1.82421875,-0.4140625,-9.38671875,805.0,15.64875,12600
2024-08-18 12:07:58.287,-0.49609375,-0.57421875,17.2734375,2.82421875,-2.259765625,-0.341796875,-1.82421875,-0.4140625,-9.38671875,628.75,15.682500000000001,9860
2024-08-18 12:07:58.302,3.29296875,1.68359375,7.20703125,2.82421875,-2.259765625,-0.341796875,-1.82421875,-0.4140625,-9.38671875,653.75,15.67625,10250
2024-08-18 12:07:58.316,3.29296875,1.68359375,7.20703125,-0.69921875,0.251953125,0.013671875,2.37890625,2.30078125,-2.328125,717.5,15.67,11240
2024-08-18 12:07:58.335,4.2109375,-3.8671875,3.640625,-0.69921875,0.251953125,0.013671875,2.37890625,2.30078125,-2.328125,551.25,15.69875,8650
2024-08-18 12:07:58.353,4.2109375,-3.8671875,3.640625,-0.69921875,0.251953125,0.013671875,2.37890625,2.30078125,-2.328125,911.25,15.6225,14230
2024-08-18 12:07:58.365,1.6484375,0.8828125,14.59375,-0.15234375,0.91796875,0.4921875,1.2109375,1.4921875,5.03125,633.75,15.685,9950
2024-08-18 12:07:58.385,1.6484375,0.8828125,14.59375,-0.15234375,0.91796875,0.4921875,1.2109375,1.4921875,5.03125,488.75,15.7125,7680
2024-08-18 12:07:58.400,-0.11328125,-0.65234375,9.46484375,-0.15234375,0.91796875,0.4921875,1.2109375,1.4921875,5.03125,672.5,15.672500000000001,10530
2024-08-18 12:07:58.416,-0.3046875,-1.33984375,10.45703125,-0.546875,-0.30859375,0.017578125,-0.48828125,0.05859375,-0.1015625,587.5,15.696250000000001,9220
2024-08-18 12:07:58.437,-0.3046875,-1.33984375,10.45703125,-0.546875,-0.30859375,0.017578125,-0.48828125,0.05859375,-0.1015625,558.75,15.70125,8770
2024-08-18 12:07:58.452,2.796875,0.765625,5.0546875,-0.64453125,0.3828125,-0.138671875,-0.48828125,0.05859375,-0.1015625,665.0,15.668750000000001,10430
2024-08-18 12:07:58.469,2.796875,0.765625,5.0546875,-0.64453125,0.3828125,-0.138671875,2.375,1.484375,-4.5,635.0,15.68,9960
2024-08-18 12:07:58.485,1.1875,-3.640625,15.3984375,-0.64453125,0.3828125,-0.138671875,2.375,1.484375,-4.5,878.75,15.633750000000001,13730
2024-08-18 12:07:58.503,1.1875,-3.640625,15.3984375,-0.64453125,0.3828125,-0.138671875,2.375,1.484375,-4.5,603.75,15.6925,9470
2024-08-18 12:07:58.518,-0.765625,1.45703125,9.80859375,-0.482421875,0.330078125,0.4921875,0.875,-3.0625,5.828125,428.75,15.72,6750
2024-08-18 12:07:58.536,-0.765625,1.45703125,9.80859375,-0.482421875,0.330078125,0.4921875,0.875,-3.0625,5.828125,542.5,15.703750000000001,8520
2024-08-18 12:07:58.551,-0.4609375,-2.296875,-0.26953125,-0.482421875,0.330078125,0.4921875,0.875,-3.0625,5.828125,427.5,15.72875,6720
2024-08-18 12:07:58.566,-0.4609375,-2.296875,-0.26953125,0.83203125,-0.583984375,0.2734375,-0.8046875,-1.7890625,-9.84765625,432.5,15.727500000000001,6800
2024-08-18 12:07:58.585,-2.10546875,4.51953125,13.87109375,0.83203125,-0.583984375,0.2734375,-0.8046875,-1.7890625,-9.84765625,502.5,15.70875,7900
2024-08-18 12:07:58.603,-2.10546875,4.51953125,13.87109375,0.83203125,-0.583984375,0.2734375,-0.8046875,-1.7890625,-9.84765625,498.75,15.71,7830
2024-08-18 12:07:58.615,5.44140625,-1.53125,14.94140625,0.119140625,-0.001953125,0.322265625,4.59765625,-0.8359375,5.41015625,533.75,15.703750000000001,8380
2024-08-18 12:07:58.635,5.44140625,-1.53125,14.94140625,0.119140625,-0.001953125,0.322265625,4.59765625,-0.8359375,5.41015625,627.5,15.686250000000001,9840
2024-08-18 12:07:58.649,1.87890625,-2.0703125,1.1875,0.119140625,-0.001953125,0.322265625,4.59765625,-0.8359375,5.41015625,740.0,15.665000000000001,11600
2024-08-18 12:07:58.665,0.95703125,-0.34375,13.75390625,0.755859375,1.13671875,0.068359375,1.46484375,-1.4921875,-8.375,591.25,15.6975,9280
2024-08-18 12:07:58.685,0.95703125,-0.34375,13.75390625,0.755859375,1.13671875,0.068359375,1.46484375,-1.4921875,-8.375,525.0,15.70875,8240
2024-08-18 12:07:58.700,0.95703125,-0.34375,13.75390625,0.755859375,1.13671875,0.068359375,1.46484375,-1.4921875,-8.375,732.5,15.66125,11470
2024-08-18 12:07:58.713,-0.65234375,-1.5703125,13.0625,1.236328125,-0.189453125,0.255859375,-1.16796875,-1.0546875,3.5,515.0,15.705,8090
2024-08-18 12:07:58.733,1.109375,0.8828125,5.98046875,1.236328125,-0.189453125,0.255859375,-1.16796875,-1.0546875,3.5,573.75,15.6925,9000
2024-08-18 12:07:58.749,1.109375,0.8828125,5.98046875,1.236328125,-0.189453125,0.255859375,-1.16796875,-1.0546875,3.5,563.75,15.70125,8860
2024-08-18 12:07:58.764,0.0390625,-4.25390625,3.9453125,1.208984375,0.169921875,0.09765625,0.7578125,1.3359375,-3.609375,565.0,15.700000000000001,8870
2024-08-18 12:07:58.783,0.0390625,-4.25390625,3.9453125,1.208984375,0.169921875,0.09765625,0.7578125,1.3359375,-3.609375,482.5,15.71625,7580
2024-08-18 12:07:58.797,-2.375,1.45703125,15.58984375,1.208984375,0.169921875,0.09765625,0.7578125,1.3359375,-3.609375,771.25,15.65875,12080
2024-08-18 12:07:58.814,-2.375,1.45703125,15.58984375,0.1015625,-0.314453125,0.21484375,-3.0234375,1.94140625,6.02734375,698.75,15.672500000000001,10960
2024-08-18 12:07:58.834,4.671875,-1.07421875,9.04296875,0.1015625,-0.314453125,0.21484375,-3.0234375,1.94140625,6.02734375,541.25,15.7075,8500
2024-08-18 12:07:58.852,4.671875,-1.07421875,9.04296875,0.1015625,-0.314453125,0.21484375,-3.0234375,1.94140625,6.02734375,456.25,15.72375,7170
2024-08-18 12:07:58.865,-4.21484375,-0.3046875,2.94921875,0.677734375,-0.8125,0.525390625,-4.58984375,0.015625,-6.62890625,468.75,15.71875,7370
2024-08-18 12:07:58.884,-4.21484375,-0.3046875,2.94921875,0.677734375,-0.8125,0.525390625,-4.58984375,0.015625,-6.62890625,506.25,15.7125,7950
2024-08-18 12:07:58.899,-0.61328125,6.6640625,10.99609375,0.677734375,-0.8125,0.525390625,-4.58984375,0.015625,-6.62890625,540.0,15.7075,8490
2024-08-18 12:07:58.914,5.1328125,-1.609375,16.58984375,-0.388671875,-1.05078125,-0.45703125,-1.63671875,7.3046875,1.48828125,637.5,15.6875,10000
2024-08-18 12:07:58.935,5.1328125,-1.609375,16.58984375,-0.388671875,-1.05078125,-0.45703125,-1.63671875,7.3046875,1.48828125,522.5,15.703750000000001,8200
2024-08-18 12:07:58.950,5.1328125,-1.609375,16.58984375,-0.388671875,-1.05078125,-0.45703125,-1.63671875,7.3046875,1.48828125,517.5,15.7025,8130
2024-08-18 12:07:58.963,-0.421875,-3.67578125,1.609375,1.04296875,0.212890625,-0.556640625,-1.25,-3.18359375,-7.921875,625.0,15.685,9810
2024-08-18 12:07:58.983,2.26171875,-0.3828125,10.38671875,1.04296875,0.212890625,-0.556640625,-1.25,-3.18359375,-7.921875,915.0,15.63875,14310
2024-08-18 12:07:58.997,2.26171875,-0.3828125,10.38671875,1.04296875,0.212890625,-0.556640625,-1.25,-3.18359375,-7.921875,782.5,15.655000000000001,12250
2024-08-18 12:07:59.012,2.26171875,-0.3828125,10.38671875,0.134765625,-0.185546875,-0.068359375,-1.25,-3.18359375,-7.921875,562.5,15.6925,8830
2024-08-18 12:07:59.026,1.68359375,-3.33203125,16.0078125,0.134765625,-0.185546875,-0.068359375,1.49609375,0.0234375,0.8515625,597.5,15.6925,9380
2024-08-18 12:07:59.045,2.4140625,1.41796875,3.37109375,0.134765625,-0.185546875,-0.068359375,1.49609375,0.0234375,0.8515625,731.25,15.6625,11460
2024-08-18 12:07:59.063,2.4140625,1.41796875,3.37109375,0.734375,1.77734375,0.275390625,2.078125,1.73046875,-6.19140625,706.25,15.665000000000001,11060
2024-08-18 12:07:59.082,-3.8671875,2.453125,10.91796875,0.734375,1.77734375,0.275390625,2.078125,1.73046875,-6.19140625,683.75,15.68125,10730
2024-08-18 12:07:59.097,-3.8671875,2.453125,10.91796875,0.734375,1.77734375,0.275390625,2.078125,1.73046875,-6.19140625,545.0,15.70125,8560
2024-08-18 12:07:59.112,0.15234375,-0.99609375,9.765625,0.41015625,-0.380859375,-0.583984375,-0.37890625,-0.58984375,0.22265625,588.75,15.69875,9240
2024-08-18 12:07:59.133,0.15234375,-0.99609375,9.765625,0.41015625,-0.380859375,-0.583984375,-0.37890625,-0.58984375,0.22265625,697.5,15.6625,10930
2024-08-18 12:07:59.146,4.98046875,0.15234375,9.6875,0.41015625,-0.380859375,-0.583984375,-0.37890625,-0.58984375,0.22265625,793.75,15.64875,12420
2024-08-18 12:07:59.164,-0.53515625,-1.265625,14.1328125,-0.162109375,1.2890625,0.1953125,4.74609375,0.69140625,0.15234375,878.75,15.635,13730
2024-08-18 12:07:59.186,-0.53515625,-1.265625,14.1328125,-0.162109375,1.2890625,0.1953125,4.74609375,0.69140625,0.15234375,510.0,15.7075,8010
2024-08-18 12:07:59.201,-0.53515625,-1.265625,14.1328125,-0.162109375,1.2890625,0.1953125,4.74609375,0.69140625,0.15234375,437.5,15.7225,6870
2024-08-18 12:07:59.217,-5.4765625,-1.45703125,5.59375,0.021484375,-1.599609375,0.025390625,-6.0078125,-0.86328125,-3.9375,417.5,15.725,6570
2024-08-18 12:07:59.234,1.68359375,-1.37890625,0.23046875,0.021484375,-1.599609375,0.025390625,-6.0078125,-0.86328125,-3.9375,733.75,15.67,11490
2024-08-18 12:07:59.252,1.68359375,-1.37890625,0.23046875,0.021484375,-1.599609375,0.025390625,-6.0078125,-0.86328125,-3.9375,800.0,15.65,12520
2024-08-18 12:07:59.265,4.98046875,1.4921875,18.38671875,0.384765625,1.126953125,0.466796875,0.84765625,-0.87890625,-9.26953125,673.75,15.67875,10560
2024-08-18 12:07:59.284,4.98046875,1.4921875,18.38671875,0.384765625,1.126953125,0.466796875,0.84765625,-0.87890625,-9.26953125,656.25,15.668750000000001,10280
2024-08-18 12:07:59.299,-0.99609375,1.953125,13.17578125,0.384765625,1.126953125,0.466796875,0.84765625,-0.87890625,-9.26953125,572.5,15.700000000000001,8990
2024-08-18 12:07:59.314,-0.99609375,1.953125,13.17578125,-0.796875,-0.677734375,0.05078125,-2.16015625,2.4453125,3.71484375,495.0,15.71,7780
2024-08-18 12:07:59.333,1.109375,0.84375,3.29296875,-0.796875,-0.677734375,0.05078125,-2.16015625,2.4453125,3.71484375,522.5,15.7025,8200
2024-08-18 12:07:59.351,1.109375,0.84375,3.29296875,-0.796875,-0.677734375,0.05078125,-2.16015625,2.4453125,3.71484375,878.75,15.63625,13730
2024-08-18 12:07:59.364,6.97265625,-2.453125,7.66015625,0.205078125,1.48828125,0.072265625,5.83203125,-1.796875,-1.78515625,860.0,15.64,13450
2024-08-18 12:07:59.383,6.97265625,-2.453125,7.66015625,0.205078125,1.48828125,0.072265625,5.83203125,-1.796875,-1.78515625,665.0,15.675,10420
2024-08-18 12:07:59.398,-3.484375,-4.0625,16.70703125,0.205078125,1.48828125,0.072265625,5.83203125,-1.796875,-1.78515625,722.5,15.66125,11320
2024-08-18 12:07:59.414,4.0625,-0.0390625,12.984375,-1.15625,-0.830078125,0.1640625,-4.6328125,-3.3984375,7.2578125,540.0,15.69875,8490
2024-08-18 12:07:59.434,4.0625,-0.0390625,12.984375,-1.15625,-0.830078125,0.1640625,-4.6328125,-3.3984375,7.2578125,448.75,15.71875,7050
2024-08-18 12:07:59.448,4.0625,-0.0390625,12.984375,-1.15625,-0.830078125,0.1640625,-4.6328125,-3.3984375,7.2578125,530.0,15.700000000000001,8320
2024-08-18 12:07:59.462,-0.5703125,0.19140625,-0.421875,-0.048828125,0.958984375,-0.21875,-1.26171875,0.83984375,-9.9140625,628.75,15.68375,9860
2024-08-18 12:07:59.483,-0.5703125,0.19140625,-0.421875,-0.048828125,0.958984375,-0.21875,-1.26171875,0.83984375,-9.9140625,837.5,15.63125,13090
2024-08-18 12:07:59.500,-0.3828125,-4.0234375,14.94140625,-0.048828125,0.958984375,-0.21875,-1.26171875,0.83984375,-9.9140625,791.25,15.65625,12390
2024-08-18 12:07:59.513,3.37109375,1.609375,8.8125,-0.873046875,0.15234375,0.341796875,-1.3125,-3.59375,5.46484375,746.25,15.6575,11690
2024-08-18 12:07:59.533,3.37109375,1.609375,8.8125,-0.873046875,0.15234375,0.341796875,-1.3125,-3.59375,5.46484375,705.0,15.66625,11050
2024-08-18 12:07:59.546,2.14453125,0.49609375,10.6875,-0.873046875,0.15234375,0.341796875,-1.3125,-3.59375,5.46484375,850.0,15.6425,13300
2024-08-18 12:07:59.563,2.14453125,0.49609375,10.6875,0.44921875,1.341796875,0.037109375,1.36328125,0.93359375,1.203125,670.0,15.67875,10500
2024-08-18 12:07:59.582,-2.91015625,2.98828125,7.234375,0.44921875,1.341796875,0.037109375,1.36328125,0.93359375,1.203125,658.75,15.67875,10330
2024-08-18 12:07:59.596,-2.91015625,2.98828125,7.234375,0.44921875,1.341796875,0.037109375,1.36328125,0.93359375,1.203125,618.75,15.68875,9700
2024-08-18 12:07:59.610,3.67578125,-2.18359375,10.5703125,0.052734375,-1.052734375,-0.345703125,2.48046875,-1.64453125,1.14453125,756.25,15.66625,11840
2024-08-18 12:07:59.629,3.67578125,-2.18359375,10.5703125,0.052734375,-1.052734375,-0.345703125,2.48046875,-1.64453125,1.14453125,891.25,15.63625,13940
2024-08-18 12:07:59.643,3.06640625,-2.52734375,9.65234375,0.052734375,-1.052734375,-0.345703125,2.48046875,-1.64453125,1.14453125,710.0,15.67,11120
2024-08-18 12:07:59.660,3.06640625,-2.52734375,9.65234375,0.111328125,0.1328125,0.3203125,2.48046875,-1.64453125,1.14453125,506.25,15.70875,7950
2024-08-18 12:07:59.675,-1.53125,-1.03515625,9.578125,0.111328125,0.1328125,0.3203125,2.23046875,-2.03515625,0.18359375,457.5,15.71625,7190
2024-08-18 12:07:59.694,-1.53125,-1.03515625,9.578125,0.111328125,0.1328125,0.3203125,2.23046875,-2.03515625,0.18359375,573.75,15.69125,9000
2024-08-18 12:07:59.708,0.53515625,2.22265625,3.984375,-0.796875,-0.4140625,0.498046875,2.23046875,-2.03515625,0.18359375,780.0,15.65625,12210
2024-08-18 12:07:59.726,0.53515625,2.22265625,3.984375,-0.796875,-0.4140625,0.498046875,-0.41015625,2.76171875,-5.4609375,671.25,15.67125,10520
2024-08-18 12:07:59.743,1.265625,0.0390625,19.0390625,-0.796875,-0.4140625,0.498046875,-0.41015625,2.76171875,-5.4609375,628.75,15.68375,9860
2024-08-18 12:07:59.761,1.265625,0.0390625,19.0390625,0.33203125,0.556640625,0.25390625,-0.41015625,2.76171875,-5.4609375,561.25,15.69125,8810
2024-08-18 12:07:59.776,1.80078125,-0.99609375,1.265625,0.33203125,0.556640625,0.25390625,0.2890625,0.578125,9.6015625,827.5,15.65,12940
2024-08-18 12:07:59.794,1.1875,-0.0390625,18.96484375,0.33203125,0.556640625,0.25390625,0.2890625,0.578125,9.6015625,713.75,15.6675,11190
2024-08-18 12:07:59.812,1.1875,-0.0390625,18.96484375,-0.2265625,0.86328125,0.34375,0.2890625,0.6328125,9.53125,602.5,15.69,9460
2024-08-18 12:07:59.830,0.49609375,-1.2265625,4.2890625,-0.2265625,0.86328125,0.34375,0.2890625,0.6328125,9.53125,496.25,15.7075,7800
2024-08-18 12:07:59.845,0.49609375,-1.2265625,4.2890625,-0.2265625,0.86328125,0.34375,0.2890625,0.6328125,9.53125,706.25,15.66375,11070
2024-08-18 12:07:59.860,-3.41015625,0.34375,8.578125,-0.640625,-1.521484375,0.080078125,-4.36328125,1.0703125,-0.83984375,642.5,15.6875,10070
2024-08-18 12:07:59.880,-3.41015625,0.34375,8.578125,-0.640625,-1.521484375,0.080078125,-4.36328125,1.0703125,-0.83984375,533.75,15.6975,8380
2024-08-18 12:07:59.893,2.56640625,-1.30078125,14.90234375,-0.640625,-1.521484375,0.080078125,-4.36328125,1.0703125,-0.83984375,791.25,15.64875,12380
2024-08-18 12:07:59.911,2.56640625,-1.30078125,14.90234375,-0.328125,-0.568359375,0.25,1.42578125,-0.82421875,5.49609375,872.5,15.64,13650
2024-08-18 12:07:59.928,-0.7265625,1.109375,10.95703125,-0.328125,-0.568359375,0.25,1.42578125,-0.82421875,5.49609375,638.75,15.67875,10010
2024-08-18 12:07:59.944,-0.7265625,1.109375,10.95703125,-0.328125,-0.568359375,0.25,1.42578125,-0.82421875,5.49609375,532.5,15.705,8360
2024-08-18 12:07:59.958,0.34375,-0.26953125,4.51953125,-0.701171875,-0.31640625,-0.509765625,1.42578125,-0.82421875,5.49609375,492.5,15.7075,7730
2024-08-18 12:07:59.976,0.34375,-0.26953125,4.51953125,-0.701171875,-0.31640625,-0.509765625,-0.9140625,0.45703125,-4.86328125,941.25,15.61875,14710
2024-08-18 12:07:59.993,4.48046875,-5.01953125,6.93359375,-0.701171875,-0.31640625,-0.509765625,-0.9140625,0.45703125,-4.86328125,851.25,15.635,13310
2024-08-18 12:08:00.011,4.48046875,-5.01953125,6.93359375,-0.357421875,0.591796875,0.8984375,-0.9140625,0.45703125,-4.86328125,593.75,15.6925,9320
2024-08-18 12:08:00.026,1.33984375,-0.34375,15.28125,-0.357421875,0.591796875,0.8984375,3.52734375,-4.35546875,-2.48046875,532.5,15.70125,8360
2024-08-18 12:08:00.044,-2.26171875,-0.7265625,2.60546875,-0.357421875,0.591796875,0.8984375,3.52734375,-4.35546875,-2.48046875,558.75,15.695,8770
2024-08-18 12:08:00.061,-2.26171875,-0.7265625,2.60546875,0.423828125,-1.91015625,0.806640625,3.52734375,-4.35546875,-2.48046875,750.0,15.6625,11750
2024-08-18 12:08:00.076,3.41015625,-0.34375,17.51171875,0.423828125,-1.91015625,0.806640625,-3.36328125,-0.0546875,-6.79296875,750.0,15.65875,11750
2024-08-18 12:08:00.094,3.41015625,-0.34375,17.51171875,0.423828125,-1.91015625,0.806640625,-3.36328125,-0.0546875,-6.79296875,722.5,15.6625,11320
2024-08-18 12:08:00.108,2.94921875,3.1796875,4.7890625,-1.310546875,-0.595703125,0.1171875,-3.36328125,-0.0546875,-6.79296875,733.75,15.66625,11490
2024-08-18 12:08:00.125,2.94921875,3.1796875,4.7890625,-1.310546875,-0.595703125,0.1171875,1.48828125,3.9765625,-4.5546875,1002.5,15.6125,15650
2024-08-18 12:08:00.143,4.13671875,-1.68359375,10.34765625,-1.310546875,-0.595703125,0.1171875,1.48828125,3.9765625,-4.5546875,1112.5,15.588750000000001,17340
2024-08-18 12:08:00.161,4.13671875,-1.68359375,10.34765625,0.025390625,0.142578125,-0.21875,2.91796875,-0.90234375,0.96875,890.0,15.62625,13910
2024-08-18 12:08:00.179,1.68359375,-1.41796875,14.17578125,0.025390625,0.142578125,-0.21875,2.91796875,-0.90234375,0.96875,843.75,15.64,13200
2024-08-18 12:08:00.194,1.68359375,-1.41796875,14.17578125,0.025390625,0.142578125,-0.21875,2.91796875,-0.90234375,0.96875,632.5,15.68125,9920
2024-08-18 12:08:00.208,0.65234375,0.11328125,5.9375,-0.68359375,0.345703125,-0.091796875,2.91796875,-0.90234375,0.96875,615.0,15.682500000000001,9640
2024-08-18 12:08:00.225,0.65234375,0.11328125,5.9375,-0.68359375,0.345703125,-0.091796875,-0.44921875,0.98046875,-3.4453125,615.0,15.6875,9650
2024-08-18 12:08:00.243,-1.37890625,-2.10546875,4.75,-0.68359375,0.345703125,-0.091796875,-0.44921875,0.98046875,-3.4453125,977.5,15.6225,15270
2024-08-18 12:08:00.260,-1.37890625,-2.10546875,4.75,0.822265625,-0.4140625,-0.287109375,-0.44921875,0.98046875,-3.4453125,658.75,15.67125,10330
2024-08-18 12:08:00.275,-3.484375,-4.55859375,23.75390625,0.822265625,-0.4140625,-0.287109375,-2.72265625,-1.43359375,-4.625,583.75,15.68875,9150
2024-08-18 12:08:00.294,-3.484375,-4.55859375,23.75390625,0.822265625,-0.4140625,-0.287109375,-2.72265625,-1.43359375,-4.625,563.75,15.69375,8850
2024-08-18 12:08:00.310,0.91796875,-0.99609375,3.10546875,0.310546875,-0.5625,0.1328125,-2.72265625,-1.43359375,-4.625,623.75,15.68375,9780
2024-08-18 12:08:00.324,3.140625,4.0234375,2.296875,0.310546875,-0.5625,0.1328125,-0.75390625,-0.53515625,-6.234375,785.0,15.6475,12290
2024-08-18 12:08:00.343,3.140625,4.0234375,2.296875,0.310546875,-0.5625,0.1328125,-0.75390625,-0.53515625,-6.234375,1087.5,15.5875,16950
2024-08-18 12:08:00.357,8.0078125,-2.71875,14.05859375,0.470703125,1.16015625,-0.904296875,-0.75390625,-0.53515625,-6.234375,933.75,15.62625,14590
2024-08-18 12:08:00.375,8.0078125,-2.71875,14.05859375,0.470703125,1.16015625,-0.904296875,6.5625,-2.125,4.69921875,872.5,15.6325,13650
2024-08-18 12:08:00.392,0.23046875,-2.91015625,9.58203125,0.470703125,1.16015625,-0.904296875,6.5625,-2.125,4.69921875,947.5,15.61375,14800
2024-08-18 12:08:00.409,0.23046875,-2.91015625,9.58203125,0.79296875,0.828125,-1.04296875,6.5625,-2.125,4.69921875,825.0,15.64375,12900
2024-08-18 12:08:00.424,-1.07421875,-2.453125,12.52734375,0.79296875,0.828125,-1.04296875,-0.65234375,-2.60546875,0.1328125,731.25,15.66,11460
2024-08-18 12:08:00.443,-1.07421875,-2.453125,12.52734375,0.79296875,0.828125,-1.04296875,-0.65234375,-2.60546875,0.1328125,808.75,15.6425,12650
2024-08-18 12:08:00.458,0.4609375,2.60546875,6.20703125,-0.1015625,-0.294921875,0.166015625,-0.390625,2.65234375,-3.25390625,660.0,15.6775,10340
2024-08-18 12:08:00.479,0.4609375,2.60546875,6.20703125,-0.1015625,-0.294921875,0.166015625,-0.390625,2.65234375,-3.25390625,817.5,15.6425,12880
2024-08-18 12:08:00.493,-0.53515625,0.69140625,7.89453125,-0.1015625,-0.294921875,0.166015625,-0.390625,2.65234375,-3.25390625,175.0,15.77,2760
2024-08-18 12:08:00.511,-0.53515625,0.69140625,7.89453125,-0.412109375,-1.43359375,-0.17578125,-0.390625,2.65234375,-3.25390625,223.75,15.765,3530
2024-08-18 12:08:00.525,1.45703125,1.265625,10.1875,-0.412109375,-1.43359375,-0.17578125,-1.94921875,0.91796875,-1.4921875,260.0,15.758750000000001,4100
2024-08-18 12:08:00.544,1.2265625,-3.02734375,10.11328125,-0.412109375,-1.43359375,-0.17578125,-1.94921875,0.91796875,-1.4921875,257.5,15.76125,3610
2024-08-18 12:08:00.563,1.2265625,-3.02734375,10.11328125,1.029296875,0.640625,0.087890625,-0.28125,-2.83203125,0.74609375,200.0,15.77,3150
2024-08-18 12:08:00.583,2.0703125,-2.6796875,8.84765625,1.029296875,0.640625,0.087890625,-0.28125,-2.83203125,0.74609375,172.5,15.775,2730
2024-08-18 12:08:00.601,2.0703125,-2.6796875,8.84765625,1.029296875,0.640625,0.087890625,-0.28125,-2.83203125,0.74609375,185.0,15.7725,2920
2024-08-18 12:08:00.614,-0.3046875,-0.23046875,9.421875,0.767578125,1.546875,-0.05859375,-1.1796875,-0.44140625,-0.0234375,178.75,15.775,2820
2024-08-18 12:08:00.634,-0.3046875,-0.23046875,9.421875,0.767578125,1.546875,-0.05859375,-1.1796875,-0.44140625,-0.0234375,180.0,15.775,2840
2024-08-18 12:08:00.648,-9.078125,2.7578125,10.69140625,0.767578125,1.546875,-0.05859375,-1.1796875,-0.44140625,-0.0234375,187.5,15.77375,2960
2024-08-18 12:08:00.664,0.49609375,3.75390625,8.19921875,-0.07421875,-0.900390625,0.216796875,-10.1796875,2.5234375,1.265625,171.25,15.775,2700
2024-08-18 12:08:00.684,0.49609375,3.75390625,8.19921875,-0.07421875,-0.900390625,0.216796875,-10.1796875,2.5234375,1.265625,182.5,15.7725,2880
2024-08-18 12:08:00.698,0.49609375,3.75390625,8.19921875,-0.07421875,-0.900390625,0.216796875,-10.1796875,2.5234375,1.265625,172.5,15.776250000000001,2730
2024-08-18 12:08:00.712,0.57421875,0.95703125,10.65234375,0.11328125,-0.166015625,-0.3046875,-0.69140625,0.80078125,1.25,157.5,15.77875,2480
2024-08-18 12:08:00.731,0.57421875,0.95703125,10.65234375,0.11328125,-0.166015625,-0.3046875,-0.69140625,0.80078125,1.25,162.5,15.77875,2560
2024-08-18 12:08:00.744,-0.53515625,-1.5703125,9.265625,0.11328125,-0.166015625,-0.3046875,-0.69140625,0.80078125,1.25,163.75,15.77875,2590
2024-08-18 12:08:00.762,-0.53515625,-1.5703125,9.265625,-0.078125,-0.263671875,-0.185546875,-1.86328125,-1.7265625,-0.12109375,168.75,15.77875,2660
2024-08-18 12:08:00.782,-1.1875,-1.2265625,10.9921875,-0.078125,-0.263671875,-0.185546875,-1.86328125,-1.7265625,-0.12109375,166.25,15.7775,2620
2024-08-18 12:08:00.794,-1.03515625,0.26953125,9.1953125,-0.078125,-0.263671875,-0.185546875,-1.86328125,-1.7265625,-0.12109375,163.75,15.780000000000001,2590
2024-08-18 12:08:00.812,-1.03515625,0.26953125,9.1953125,-0.01171875,-0.072265625,0.0234375,-2.34765625,0.13671875,-0.1953125,162.5,15.780000000000001,2560
2024-08-18 12:08:00.831,-0.57421875,0.11328125,9.34375,-0.01171875,-0.072265625,0.0234375,-2.34765625,0.13671875,-0.1953125,165.0,15.780000000000001,2600
2024-08-18 12:08:00.846,-0.57421875,0.11328125,9.34375,-0.01171875,-0.072265625,0.0234375,-2.34765625,0.13671875,-0.1953125,163.75,15.77875,2590
2024-08-18 12:08:00.860,0.3046875,0.3046875,9.609375,-0.005859375,-0.037109375,0.025390625,-0.984375,0.1796875,0.22265625,161.25,15.78125,2550
2024-08-18 12:08:00.880,0.3046875,0.3046875,9.609375,-0.005859375,-0.037109375,0.025390625,-0.984375,0.1796875,0.22265625,161.25,15.780000000000001,2550
2024-08-18 12:08:00.895,1.03515625,-0.11328125,9.46484375,-0.005859375,-0.037109375,0.025390625,-0.984375,0.1796875,0.22265625,158.75,15.7825,2510
2024-08-18 12:08:00.912,1.03515625,-0.11328125,9.46484375,0.01953125,-0.037109375,-0.076171875,-0.24609375,-0.24609375,0.0703125,172.5,15.7775,2730
2024-08-18 12:08:00.930,1.9921875,0.4609375,9.76953125,0.01953125,-0.037109375,-0.076171875,-0.24609375,-0.24609375,0.0703125,161.25,15.780000000000001,2550
2024-08-18 12:08:00.945,1.9921875,0.4609375,9.76953125,0.01953125,-0.037109375,-0.076171875,-0.24609375,-0.24609375,0.0703125,175.0,15.77875,2760
2024-08-18 12:08:00.959,1.953125,0.421875,9.34765625,-0.140625,-0.220703125,0.044921875,0.6171875,0.34375,-0.04296875,158.75,15.780000000000001,2510
2024-08-18 12:08:00.979,1.953125,0.421875,9.34765625,-0.140625,-0.220703125,0.044921875,0.6171875,0.34375,-0.04296875,177.5,15.77875,2800
2024-08-18 12:08:00.992,1.9140625,0.0390625,9.65234375,-0.140625,-0.220703125,0.044921875,0.6171875,0.34375,-0.04296875,183.75,15.7775,2890
2024-08-18 12:08:01.010,1.9140625,0.0390625,9.65234375,-0.197265625,-0.302734375,0.005859375,0.6171875,0.34375,-0.04296875,163.75,15.780000000000001,2590
2024-08-18 12:08:01.025,1.72265625,-0.15234375,9.421875,-0.197265625,-0.302734375,0.005859375,0.453125,0.046875,0.28515625,176.25,15.77875,2780
2024-08-18 12:08:01.043,1.72265625,-0.15234375,9.421875,-0.197265625,-0.302734375,0.005859375,0.453125,0.046875,0.28515625,190.0,15.776250000000001,3000
2024-08-18 12:08:01.058,1.87890625,-0.3046875,9.578125,-0.09375,-0.140625,-0.001953125,0.453125,0.046875,0.28515625,175.0,15.7775,2760
2024-08-18 12:08:01.073,2.26171875,-0.34375,9.50390625,-0.09375,-0.140625,-0.001953125,0.34765625,-0.234375,0.21875,178.75,15.7775,2820
2024-08-18 12:08:01.093,2.26171875,-0.34375,9.50390625,-0.09375,-0.140625,-0.001953125,0.34765625,-0.234375,0.21875,172.5,15.77875,2730
2024-08-18 12:08:01.108,2.3359375,-0.34375,9.3828125,0.021484375,0.03515625,0.013671875,0.34765625,-0.234375,0.21875,175.0,15.7775,2760
2024-08-18 12:08:01.125,2.3359375,-0.34375,9.3828125,0.021484375,0.03515625,0.013671875,0.8125,-0.2734375,0.02734375,183.75,15.780000000000001,2910
2024-08-18 12:08:01.142,1.9140625,-0.26953125,9.61328125,0.021484375,0.03515625,0.013671875,0.8125,-0.2734375,0.02734375,177.5,15.77875,2590
2024-08-18 12:08:01.159,1.9140625,-0.26953125,9.61328125,0.0859375,0.138671875,-0.005859375,0.8125,-0.2734375,0.02734375,172.5,15.7775,2760
2024-08-18 12:08:01.174,1.72265625,-0.15234375,9.50390625,0.0859375,0.138671875,-0.005859375,0.4453125,-0.23828125,0.23828125,175.0,15.77875,2760
2024-08-18 12:08:01.193,1.72265625,-0.15234375,9.50390625,0.0859375,0.138671875,-0.005859375,0.4453125,-0.23828125,0.23828125,157.5,15.77875,2480
2024-08-18 12:08:01.208,1.6484375,-0.078125,9.5,0.064453125,0.10546875,-0.0078125,0.4453125,-0.23828125,0.23828125,165.0,15.78125,2600
2024-08-18 12:08:01.225,1.6484375,-0.078125,9.5,0.064453125,0.10546875,-0.0078125,0.25,-0.078125,0.109375,176.25,15.780000000000001,2780
2024-08-18 12:08:01.242,1.53125,0.0,9.5390625,0.064453125,0.10546875,-0.0078125,0.25,-0.078125,0.109375,167.5,15.780000000000001,2640
2024-08-18 12:08:01.260,1.53125,0.0,9.5390625,0.05078125,0.083984375,-0.0078125,0.25,-0.078125,0.109375,161.25,15.7825,2550
2024-08-18 12:08:01.275,1.53125,-0.0390625,9.5,0.05078125,0.083984375,-0.0078125,0.171875,-0.0234375,0.140625,173.75,15.77875,2740
2024-08-18 12:08:01.294,1.4921875,0.0390625,9.5390625,0.05078125,0.083984375,-0.0078125,0.171875,-0.0234375,0.140625,160.0,15.77875,2520
2024-08-18 12:08:01.312,1.4921875,0.0390625,9.5390625,0.02734375,0.044921875,0.001953125,0.171875,0.0078125,0.1328125,173.75,15.7825,2740
2024-08-18 12:08:01.332,1.4921875,0.0390625,9.5390625,0.02734375,0.044921875,0.001953125,0.171875,0.0078125,0.1328125,160.0,15.7825,2520
2024-08-18 12:08:01.349,1.4921875,0.0390625,9.5390625,0.02734375,0.044921875,0.001953125,0.171875,0.0078125,0.1328125,165.0,15.7825,2600
2024-08-18 12:08:01.362,1.4921875,0.0,9.5390625,-0.005859375,-0.001953125,0.0,0.1875,-0.0390625,0.1328125,180.0,15.7825,2840
2024-08-18 12:08:01.382,1.4921875,0.0,9.5390625,-0.005859375,-0.001953125,0.0,0.1875,-0.0390625,0.1328125,167.5,15.78125,2650
2024-08-18 12:08:01.397,1.4921875,0.0390625,9.5,-0.005859375,-0.001953125,0.0,0.1875,-0.0390625,0.1328125,177.5,15.780000000000001,2800
2024-08-18 12:08:01.413,1.53125,0.0,9.5390625,-0.01953125,-0.033203125,-0.001953125,0.171875,0.0078125,0.09375,177.5,15.780000000000001,2800
2024-08-18 12:08:01.433,1.53125,0.0,9.5390625,-0.01953125,-0.033203125,-0.001953125,0.171875,0.0078125,0.09375,162.5,15.7825,2560
2024-08-18 12:08:01.447,1.53125,0.0,9.5390625,-0.01953125,-0.033203125,-0.001953125,0.171875,0.0078125,0.09375,160.0,15.7825,2520
2024-08-18 12:08:01.461,1.53125,-0.0390625,9.5390625,-0.0390625,-0.060546875,0.0,0.1953125,-0.0625,0.125,163.75,15.7825,2590
2024-08-18 12:08:01.481,1.53125,-0.0390625,9.5390625,-0.0390625,-0.060546875,0.0,0.1953125,-0.0625,0.125,180.0,15.780000000000001,2840
2024-08-18 12:08:01.494,1.609375,-0.0390625,9.5390625,-0.0390625,-0.060546875,0.0,0.1953125,-0.0625,0.125,160.0,15.780000000000001,2520
2024-08-18 12:08:01.512,1.68359375,-0.078125,9.5,-0.044921875,-0.06640625,0.00390625,0.2421875,-0.03125,0.1328125,163.75,15.7825,2590
2024-08-18 12:08:01.531,1.68359375,-0.078125,9.5,-0.044921875,-0.06640625,0.00390625,0.2421875,-0.03125,0.1328125,160.0,15.78125,2520
2024-08-18 12:08:01.544,1.72265625,-0.11328125,9.54296875,-0.044921875,-0.06640625,0.00390625,0.2421875,-0.03125,0.1328125,167.5,15.78125,2650
2024-08-18 12:08:01.562,1.72265625,-0.11328125,9.54296875,-0.025390625,-0.041015625,0.009765625,0.33203125,-0.08984375,0.1328125,165.0,15.78125,2600
2024-08-18 12:08:01.582,1.76171875,-0.15234375,9.50390625,-0.025390625,-0.041015625,0.009765625,0.33203125,-0.08984375,0.1328125,173.75,15.780000000000001,2740
2024-08-18 12:08:01.598,1.76171875,-0.15234375,9.50390625,-0.025390625,-0.041015625,0.009765625,0.33203125,-0.08984375,0.1328125,163.75,15.7825,2590
2024-08-18 12:08:01.611,1.76171875,-0.15234375,9.54296875,-0.00390625,-0.005859375,0.001953125,0.36328125,-0.12890625,0.1328125,177.5,15.780000000000001,2800
2024-08-18 12:08:01.631,1.76171875,-0.15234375,9.54296875,-0.00390625,-0.005859375,0.001953125,0.36328125,-0.12890625,0.1328125,155.0,15.780000000000001,2440
2024-08-18 12:08:01.644,1.76171875,-0.11328125,9.50390625,-0.00390625,-0.005859375,0.001953125,0.36328125,-0.12890625,0.1328125,163.75,15.78125,2590
2024-08-18 12:08:01.661,1.76171875,-0.11328125,9.50390625,0.015625,0.02734375,-0.00390625,0.37109375,-0.08984375,0.09375,175.0,15.7775,2760
2024-08-18 12:08:01.680,1.72265625,-0.11328125,9.50390625,0.015625,0.02734375,-0.00390625,0.37109375,-0.08984375,0.09375,166.25,15.7825,2620
2024-08-18 12:08:01.694,1.72265625,-0.11328125,9.50390625,0.015625,0.02734375,-0.00390625,0.37109375,-0.08984375,0.09375,163.75,15.78125,2590
2024-08-18 12:08:01.708,1.68359375,-0.078125,9.5,0.0234375,0.0390625,-0.005859375,0.31640625,-0.0703125,0.078125,172.5,15.78125,2730
2024-08-18 12:08:01.728,1.68359375,-0.078125,9.5,0.0234375,0.0390625,-0.005859375,0.31640625,-0.0703125,0.078125,176.25,15.780000000000001,2780
2024-08-18 12:08:01.742,1.6484375,-0.078125,9.5390625,0.0234375,0.0390625,-0.005859375,0.31640625,-0.0703125,0.078125,158.75,15.7825,2510
2024-08-18 12:08:01.759,1.6484375,-0.078125,9.5390625,0.017578125,0.03125,-0.00390625,0.31640625,-0.0703125,0.078125,168.75,15.7825,2660
2024-08-18 12:08:01.774,1.609375,-0.0390625,9.5,0.017578125,0.03125,-0.00390625,0.2890625,-0.078125,0.1171875,161.25,15.78375,2550
2024-08-18 12:08:01.793,1.609375,-0.0390625,9.5,0.017578125,0.03125,-0.00390625,0.2890625,-0.078125,0.1171875,165.0,15.7825,2600
2024-08-18 12:08:01.809,1.5703125,-0.0390625,9.54296875,0.0078125,0.009765625,-0.001953125,0.2890625,-0.078125,0.1171875,160.0,15.7825,2520
2024-08-18 12:08:01.824,1.5703125,-0.0390625,9.54296875,0.0078125,0.009765625,-0.001953125,-0.1171875,0.0546875,0.0234375,170.0,15.7825,2690
2024-08-18 12:08:01.843,1.5703125,-0.0390625,9.54296875,0.0078125,0.009765625,-0.001953125,-0.1171875,0.0546875,0.0234375,161.25,15.77875,2550
2024-08-18 12:08:01.858,1.5703125,-0.0390625,9.54296875,-0.009765625,-0.009765625,0.001953125,-0.1171875,0.0546875,0.0234375,160.0,15.7825,2520
2024-08-18 12:08:01.875,1.5703125,-0.0390625,9.54296875,-0.009765625,-0.009765625,0.001953125,-0.109375,0.0546875,0.0234375,170.0,15.780000000000001,2690
2024-08-18 12:08:01.892,1.609375,-0.0390625,9.5390625,-0.009765625,-0.009765625,0.001953125,-0.109375,0.0546875,0.0234375,170.0,15.785,2690
2024-08-18 12:08:01.909,1.609375,-0.0390625,9.5390625,-0.013671875,-0.0234375,0.001953125,-0.109375,0.0546875,0.0234375,173.75,15.78375,2740
2024-08-18 12:08:01.924,1.6484375,-0.0390625,9.5,-0.013671875,-0.0234375,0.001953125,-0.0703125,0.046875,0.0234375,180.0,15.780000000000001,2840
2024-08-18 12:08:01.943,1.6484375,-0.0390625,9.5,-0.013671875,-0.0234375,0.001953125,-0.0703125,0.046875,0.0234375,161.25,15.78375,2550
2024-08-18 12:08:01.958,1.6484375,-0.078125,9.5390625,-0.009765625,-0.017578125,0.001953125,-0.0703125,0.046875,0.0234375,161.25,15.7825,2550
2024-08-18 12:08:01.975,1.6484375,-0.078125,9.5390625,-0.009765625,-0.017578125,0.001953125,-0.0234375,0.0078125,0.015625,163.75,15.78375,2590
2024-08-18 12:08:01.992,1.68359375,-0.11328125,9.5,-0.009765625,-0.017578125,0.001953125,-0.0234375,0.0078125,0.015625,158.75,15.7825,2510
2024-08-18 12:08:02.010,1.68359375,-0.11328125,9.5,-0.001953125,-0.00390625,0.0,-0.0234375,0.0078125,0.015625,177.5,15.78125,2800
2024-08-18 12:08:02.024,1.72265625,-0.078125,9.54296875,-0.001953125,-0.00390625,0.0,0.01171875,-0.02734375,-0.0234375,163.75,15.78125,2590
2024-08-18 12:08:02.043,1.72265625,-0.078125,9.54296875,-0.001953125,-0.00390625,0.0,0.01171875,-0.02734375,-0.0234375,163.75,15.78375,2590
2024-08-18 12:08:02.058,1.72265625,-0.078125,9.50390625,0.00390625,0.009765625,-0.001953125,0.01171875,-0.02734375,-0.0234375,162.5,15.7825,2560
2024-08-18 12:08:02.073,1.68359375,-0.078125,9.5390625,0.00390625,0.009765625,-0.001953125,0.05859375,0.0078125,-0.0234375,160.0,15.78375,2520
2024-08-18 12:08:02.091,1.68359375,-0.078125,9.5390625,0.00390625,0.009765625,-0.001953125,0.05859375,0.0078125,-0.0234375,180.0,15.7875,2840
2024-08-18 12:08:02.105,1.6484375,-0.078125,9.5,0.01171875,0.017578125,-0.001953125,0.05859375,0.0078125,-0.0234375,175.0,15.78375,2760
2024-08-18 12:08:02.122,1.6484375,-0.078125,9.5,0.01171875,0.017578125,-0.001953125,-0.015625,0.0,-0.0234375,171.25,15.78125,2700
2024-08-18 12:08:02.138,1.6484375,-0.078125,9.5390625,0.01171875,0.017578125,-0.001953125,-0.015625,0.0,-0.0234375,161.25,15.7825,2550
2024-08-18 12:08:02.153,1.6484375,-0.078125,9.5390625,0.005859375,0.01171875,-0.00390625,-0.015625,0.0,-0.0234375,167.5,15.78375,2650
2024-08-18 12:08:02.171,1.609375,-0.0390625,9.5,0.005859375,0.01171875,-0.00390625,-0.015625,0.0,0.015625,170.0,15.78125,2690
2024-08-18 12:08:02.189,1.609375,-0.0390625,9.5,0.005859375,0.01171875,-0.00390625,-0.015625,0.0,0.015625,178.75,15.7825,2820
2024-08-18 12:08:02.202,1.609375,-0.0390625,9.5,0.0,0.001953125,-0.001953125,-0.015625,0.0,0.015625,157.5,15.78375,2480
2024-08-18 12:08:02.222,1.609375,-0.0390625,9.5,0.0,0.001953125,-0.001953125,-0.046875,0.03125,-0.0234375,168.75,15.785,2660
2024-08-18 12:08:02.238,1.609375,-0.0390625,9.5390625,0.0,0.001953125,-0.001953125,-0.046875,0.03125,-0.0234375,161.25,15.785,2550
2024-08-18 12:08:02.253,1.609375,-0.0390625,9.5390625,-0.005859375,-0.009765625,0.0,-0.046875,0.03125,-0.0234375,161.25,15.785,2550
2024-08-18 12:08:02.270,1.6484375,-0.0390625,9.5,-0.005859375,-0.009765625,0.0,-0.046875,0.0234375,0.0234375,166.25,15.78125,2620
2024-08-18 12:08:02.285,1.6484375,-0.0390625,9.5,-0.005859375,-0.009765625,0.0,-0.046875,0.0234375,0.0234375,158.75,15.785,2510
2024-08-18 12:08:02.300,1.6484375,-0.078125,9.5,-0.005859375,-0.009765625,0.0,-0.046875,0.0234375,0.0234375,163.75,15.78375,2590
2024-08-18 12:08:02.316,1.6484375,-0.078125,9.5,-0.005859375,-0.009765625,0.001953125,0.0,-0.0078125,-0.015625,170.0,15.78625,2690
2024-08-18 12:08:02.332,1.6484375,-0.078125,9.5390625,-0.005859375,-0.009765625,0.001953125,0.0,-0.0078125,-0.015625,157.5,15.78625,2480
2024-08-18 12:08:02.350,1.6484375,-0.078125,9.5390625,-0.005859375,-0.009765625,0.001953125,0.0,-0.0078125,-0.015625,170.0,15.780000000000001,2690
2024-08-18 12:08:02.362,1.6484375,-0.078125,9.5,-0.005859375,-0.005859375,0.0,-0.0078125,-0.0078125,-0.015625,158.75,15.78625,2510
2024-08-18 12:08:02.382,1.6484375,-0.078125,9.5,-0.005859375,-0.005859375,0.0,-0.0078125,-0.0078125,-0.015625,160.0,15.78375,2520
2024-08-18 12:08:02.396,1.68359375,-0.078125,9.5,-0.005859375,-0.005859375,0.0,-0.0078125,-0.0078125,-0.015625,166.25,15.78375,2620
2024-08-18 12:08:02.412,1.68359375,-0.078125,9.5,0.00390625,0.00390625,0.0,0.02734375,-0.0078125,-0.015625,167.5,15.7825,2650
2024-08-18 12:08:02.433,1.68359375,-0.078125,9.5,0.00390625,0.00390625,0.0,0.02734375,-0.0078125,-0.015625,165.0,15.785,2600
2024-08-18 12:08:02.447,1.68359375,-0.078125,9.5,0.00390625,0.00390625,0.0,0.02734375,-0.0078125,-0.015625,180.0,15.78375,2840
2024-08-18 12:08:02.461,1.6484375,-0.078125,9.5390625,0.005859375,0.009765625,0.001953125,0.0,-0.0078125,0.0234375,180.0,15.7825,2840
2024-08-18 12:08:02.480,1.6484375,-0.078125,9.5390625,0.005859375,0.009765625,0.001953125,0.0,-0.0078125,0.0234375,172.5,15.78375,2730
2024-08-18 12:08:02.493,1.6484375,-0.078125,9.5,0.005859375,0.009765625,0.001953125,0.0,-0.0078125,0.0234375,166.25,15.785,2620
2024-08-18 12:08:02.511,1.6484375,-0.078125,9.5390625,0.00390625,0.005859375,-0.001953125,0.0,-0.015625,-0.015625,178.75,15.7825,2820
2024-08-18 12:08:02.531,1.6484375,-0.078125,9.5390625,0.00390625,0.005859375,-0.001953125,0.0,-0.015625,-0.015625,160.0,15.78375,2520
2024-08-18 12:08:02.546,1.609375,-0.0390625,9.5390625,0.00390625,0.005859375,-0.001953125,0.0,-0.015625,-0.015625,176.25,15.785,2780
